order_id,shop_lng,shop_lat,user_lng,user_lat,push_time,loc_assessment_time,confirm_time,arriveshop_time,pickup_time,finish_time,weight_gram,da_order_status,rider_ucode_finished,distance_km,is_timeliness,ol_fin_late_o15m,trade_amount,push_time_str,loc_assessment_time_str,confirm_time_str,arriveshop_time_str,pickup_time_str,finish_time_str
6047595942340,100.2301,34.4703,100.2301,34.4703,1789433296,1789452000,1789433296,1789433296,1789433296,1789440302,14000,1,0475824345,0,1,0,392,2026-09-15 00:48:16,2026-09-15 06:00:00,2026-09-15 00:48:16,2026-09-15 00:48:16,2026-09-15 00:48:16,2026-09-15 02:45:02
8047595179915,99.6488,33.758,99.6488,33.758,1789457663,0,0,0,0,1789457663,1500,1,0755146964,1,0,0,359,2026-09-15 07:34:23,,,,,2026-09-15 07:34:23
6047595936114,100.2301,34.4703,100.2301,34.4703,1789433512,1789452000,1789433512,1789433512,1789433512,1789441702,220,1,0731669509,0,1,1,117,2026-09-15 00:51:52,2026-09-15 06:00:00,2026-09-15 00:51:52,2026-09-15 00:51:52,2026-09-15 00:51:52,2026-09-15 03:08:22
8047595638943,99.6488,33.758,99.6488,33.758,1789442935,0,0,0,0,1789442935,1000,1,0600882909,1,0,0,239,2026-09-15 03:28:55,,,,,2026-09-15 03:28:55
6047595955192,100.2301,34.4703,100.2301,34.4703,1789432835,1789444800,1789432835,1789432835,1789432835,1789438825,63000,1,0525201215,0,1,0,168,2026-09-15 00:40:35,2026-09-15 04:00:00,2026-09-15 00:40:35,2026-09-15 00:40:35,2026-09-15 00:40:35,2026-09-15 02:20:25
6047595829975,100.738,32.9324,100.738,32.9324,1789441810,1789480800,1789441810,1789441810,1789441810,1789460337,1100,1,0649086388,0,1,1,159,2026-09-15 03:10:10,2026-09-15 14:00:00,2026-09-15 03:10:10,2026-09-15 03:10:10,2026-09-15 03:10:10,2026-09-15 08:18:57
6047595949502,100.2301,34.4703,100.2301,34.4703,1789432969,1789452000,1789432969,1789432969,1789432969,1789437321,400,1,0752242651,0,1,0,135,2026-09-15 00:42:49,2026-09-15 06:00:00,2026-09-15 00:42:49,2026-09-15 00:42:49,2026-09-15 00:42:49,2026-09-15 01:55:21
8047595709657,100.7434,32.9289,100.7429,32.9285,1789441277,0,0,0,0,1789441277,1800,1,0613329616,1,0,0,338,2026-09-15 03:01:17,,,,,2026-09-15 03:01:17
6047595837926,99.651,33.7539,99.651,33.7539,1789435396,1789452000,1789435396,1789435396,1789435396,1789451106,700,1,0755146964,0,1,1,166,2026-09-15 01:23:16,2026-09-15 06:00:00,2026-09-15 01:23:16,2026-09-15 01:23:16,2026-09-15 01:23:16,2026-09-15 05:45:06
6047595822404,100.2301,34.4703,100.2301,34.4703,1789444418,1789464600,1789444418,1789444418,1789444418,1789448425,44500,1,0525201215,0,1,0,435,2026-09-15 03:53:38,2026-09-15 09:30:00,2026-09-15 03:53:38,2026-09-15 03:53:38,2026-09-15 03:53:38,2026-09-15 05:00:25
6047595845956,99.651,33.7539,99.651,33.7539,1789434760,1789447500,1789434760,1789434760,1789434760,1789454962,6500,1,0722476819,0,0,1,278,2026-09-15 01:12:40,2026-09-15 04:45:00,2026-09-15 01:12:40,2026-09-15 01:12:40,2026-09-15 01:12:40,2026-09-15 06:49:22
6047595827753,100.738,32.9324,100.738,32.9324,1789442124,1789464600,1789442124,1789442124,1789442124,1789456875,272000,1,0613329616,0,1,1,66,2026-09-15 03:15:24,2026-09-15 09:30:00,2026-09-15 03:15:24,2026-09-15 03:15:24,2026-09-15 03:15:24,2026-09-15 07:21:15
8047594734133,100.7434,32.9289,100.7429,32.9285,1789468478,0,0,0,0,1789468478,2500,1,0613329616,1,0,0,239,2026-09-15 10:34:38,,,,,2026-09-15 10:34:38
6047596066665,99.651,33.7539,99.651,33.7539,1789430837,1789447500,1789430837,1789430837,1789430837,0,1500,2,\\N,0,0,0,0,2026-09-15 00:07:17,2026-09-15 04:45:00,2026-09-15 00:07:17,2026-09-15 00:07:17,2026-09-15 00:07:17,
6047595947068,100.2301,34.4703,100.2301,34.4703,1789433115,1789444800,1789433115,1789433115,1789433115,0,1000,2,\\N,0,0,0,0,2026-09-15 00:45:15,2026-09-15 04:00:00,2026-09-15 00:45:15,2026-09-15 00:45:15,2026-09-15 00:45:15,
8047595306747,100.2291,34.4684,100.229,34.4685,1789455873,0,0,0,0,1789455873,1000,1,0475840601,1,0,0,239,2026-09-15 07:04:33,,,,,2026-09-15 07:04:33
6047595837902,99.651,33.7539,99.651,33.7539,1789435398,1789447500,1789435398,1789435398,1789435398,1789445965,1200,1,0755146964,0,1,1,170,2026-09-15 01:23:18,2026-09-15 04:45:00,2026-09-15 01:23:18,2026-09-15 01:23:18,2026-09-15 01:23:18,2026-09-15 04:19:25
6047595949554,100.2301,34.4703,100.2301,34.4703,1789432967,1789452000,1789432967,1789432967,1789432967,0,1000,2,\\N,0,0,0,0,2026-09-15 00:42:47,2026-09-15 06:00:00,2026-09-15 00:42:47,2026-09-15 00:42:47,2026-09-15 00:42:47,
6047595828581,98.2098,34.9116,98.2098,34.9116,1789442071,1789454400,1789442071,1789442071,1789442071,1789445936,1000,1,0751983537,0,1,0,157,2026-09-15 03:14:31,2026-09-15 06:40:00,2026-09-15 03:14:31,2026-09-15 03:14:31,2026-09-15 03:14:31,2026-09-15 04:18:56
6047595939731,100.2301,34.4703,100.2301,34.4703,1789433312,1789444800,1789433312,1789433312,1789433312,1789441513,1000,1,0752242651,0,1,1,157,2026-09-15 00:48:32,2026-09-15 04:00:00,2026-09-15 00:48:32,2026-09-15 00:48:32,2026-09-15 00:48:32,2026-09-15 03:05:13
6047595816492,100.2301,34.4703,100.2301,34.4703,1789446093,1789449663,1789446093,1789446093,1789446093,0,1000,2,\\N,0,0,0,0,2026-09-15 04:21:33,2026-09-15 05:21:03,2026-09-15 04:21:33,2026-09-15 04:21:33,2026-09-15 04:21:33,
6047595817201,100.2301,34.4703,100.2301,34.4703,1789446026,1789464600,1789446026,1789446026,1789446026,0,1000,2,\\N,0,0,0,0,2026-09-15 04:20:26,2026-09-15 09:30:00,2026-09-15 04:20:26,2026-09-15 04:20:26,2026-09-15 04:20:26,
6047595895541,99.651,33.7539,99.651,33.7539,1789436070,1789466400,1789436070,1789436070,1789436070,0,57000,2,\\N,0,0,0,0,2026-09-15 01:34:30,2026-09-15 10:00:00,2026-09-15 01:34:30,2026-09-15 01:34:30,2026-09-15 01:34:30,
6047595816488,100.2301,34.4703,100.2301,34.4703,1789446090,1789464600,1789446090,1789446090,1789446090,0,1000,2,\\N,0,0,0,0,2026-09-15 04:21:30,2026-09-15 09:30:00,2026-09-15 04:21:30,2026-09-15 04:21:30,2026-09-15 04:21:30,
6047595931023,100.2301,34.4703,100.2301,34.4703,1789433732,1789444800,1789433732,1789433732,1789433732,0,3300,2,\\N,0,0,0,0,2026-09-15 00:55:32,2026-09-15 04:00:00,2026-09-15 00:55:32,2026-09-15 00:55:32,2026-09-15 00:55:32,
6047595819679,100.2301,34.4703,100.2301,34.4703,1789445802,1789466400,1789445802,1789445802,1789445802,1789446021,153000,1,0525201215,0,1,0,779,2026-09-15 04:16:42,2026-09-15 10:00:00,2026-09-15 04:16:42,2026-09-15 04:16:42,2026-09-15 04:16:42,2026-09-15 04:20:21
8047595306528,100.2291,34.4684,100.229,34.4685,1789455861,0,0,0,0,1789455861,1000,1,0475840601,1,0,0,239,2026-09-15 07:04:21,,,,,2026-09-15 07:04:21
8047594825595,100.2291,34.4684,100.229,34.4685,1789467952,0,0,0,0,1789467952,15000,1,0757590820,1,0,0,239,2026-09-15 10:25:52,,,,,2026-09-15 10:25:52
8047595386057,100.229,34.4685,100.229,34.4685,1789451195,0,0,0,0,1789451195,1000,1,0757590820,1,0,0,136,2026-09-15 05:46:35,,,,,2026-09-15 05:46:35
6047595935618,100.2301,34.4703,100.2301,34.4703,1789433512,1789452000,1789433512,1789433512,1789433512,1789438401,2000,1,0586643499,0,1,0,151,2026-09-15 00:51:52,2026-09-15 06:00:00,2026-09-15 00:51:52,2026-09-15 00:51:52,2026-09-15 00:51:52,2026-09-15 02:13:21
8047595436018,100.229,34.4685,100.229,34.4685,1789451507,0,0,0,0,1789451507,1000,1,0757590820,1,0,0,143,2026-09-15 05:51:47,,,,,2026-09-15 05:51:47
6047595816447,100.2301,34.4703,100.2301,34.4703,1789446115,1789464600,1789446115,1789446115,1789446115,1789458359,1000,1,0752242651,0,1,1,157,2026-09-15 04:21:55,2026-09-15 09:30:00,2026-09-15 04:21:55,2026-09-15 04:21:55,2026-09-15 04:21:55,2026-09-15 07:45:59
8047595446275,100.2291,34.4684,100.229,34.4685,1789448178,0,0,0,0,1789448178,12000,1,0757590820,1,0,0,361,2026-09-15 04:56:18,,,,,2026-09-15 04:56:18
6047595942530,100.2301,34.4703,100.2301,34.4703,1789433307,1789444800,1789433307,1789433307,1789433307,1789442085,2700,1,0752242651,0,1,1,179,2026-09-15 00:48:27,2026-09-15 04:00:00,2026-09-15 00:48:27,2026-09-15 00:48:27,2026-09-15 00:48:27,2026-09-15 03:14:45
8047595306543,100.2291,34.4684,100.229,34.4685,1789455861,0,0,0,0,1789455861,1000,1,0475840601,1,0,0,230,2026-09-15 07:04:21,,,,,2026-09-15 07:04:21
6047595940149,100.2301,34.4703,100.2301,34.4703,1789433316,1789444800,1789433316,1789433316,1789433316,1789439203,1100,1,0573276138,0,1,0,158,2026-09-15 00:48:36,2026-09-15 04:00:00,2026-09-15 00:48:36,2026-09-15 00:48:36,2026-09-15 00:48:36,2026-09-15 02:26:43
6047595842348,99.9047,33.9653,99.9047,33.9653,1789435123,1789452000,1789435123,1789435123,1789435123,0,1600,2,\\N,0,0,0,0,2026-09-15 01:18:43,2026-09-15 06:00:00,2026-09-15 01:18:43,2026-09-15 01:18:43,2026-09-15 01:18:43,
6047595842354,99.9047,33.9653,99.9047,33.9653,1789435122,1789444800,1789435122,1789435122,1789435122,0,1000,2,\\N,0,0,0,0,2026-09-15 01:18:42,2026-09-15 04:00:00,2026-09-15 01:18:42,2026-09-15 01:18:42,2026-09-15 01:18:42,
6047595827737,100.738,32.9324,100.738,32.9324,1789442124,1789464600,1789442124,1789442124,1789442124,1789456875,272000,1,0613329616,0,1,1,66,2026-09-15 03:15:24,2026-09-15 09:30:00,2026-09-15 03:15:24,2026-09-15 03:15:24,2026-09-15 03:15:24,2026-09-15 07:21:15
8047595709147,100.7434,32.9289,100.7429,32.9285,1789441285,0,0,0,0,1789441285,1000,1,0613329616,1,0,0,239,2026-09-15 03:01:25,,,,,2026-09-15 03:01:25
8047595566376,99.9047,33.9653,99.9045,33.9651,1789446434,0,0,0,0,1789446435,1000,1,0723980389,1,0,0,301,2026-09-15 04:27:14,,,,,2026-09-15 04:27:15
8047594734404,100.7434,32.9289,100.7429,32.9285,1789468485,0,0,0,0,1789468485,1000,1,0613329616,1,0,0,239,2026-09-15 10:34:45,,,,,2026-09-15 10:34:45
6047595837883,99.651,33.7539,99.651,33.7539,1789435399,1789447500,1789435399,1789435399,1789435399,1789445874,1000,1,0755146964,0,1,1,185,2026-09-15 01:23:19,2026-09-15 04:45:00,2026-09-15 01:23:19,2026-09-15 01:23:19,2026-09-15 01:23:19,2026-09-15 04:17:54
6047595956958,100.2301,34.4703,100.2301,34.4703,1789432806,1789444800,1789432806,1789432806,1789432806,1789438758,1000,1,0475824345,0,1,0,150,2026-09-15 00:40:06,2026-09-15 04:00:00,2026-09-15 00:40:06,2026-09-15 00:40:06,2026-09-15 00:40:06,2026-09-15 02:19:18
8047595571717,100.2291,34.4684,100.229,34.4685,1789444614,0,0,0,0,1789444614,1000,1,0757590820,1,0,0,239,2026-09-15 03:56:54,,,,,2026-09-15 03:56:54
6047595940147,100.2301,34.4703,100.2301,34.4703,1789433316,1789452000,1789433316,1789433316,1789433316,1789439609,550,1,0573276138,0,1,0,141,2026-09-15 00:48:36,2026-09-15 06:00:00,2026-09-15 00:48:36,2026-09-15 00:48:36,2026-09-15 00:48:36,2026-09-15 02:33:29
6047595865406,100.2301,34.4703,100.2301,34.4703,1789433837,1789452000,1789445941,1789445941,1789445941,1789450971,1000,1,0752242651,0,1,1,107,2026-09-15 00:57:17,2026-09-15 06:00:00,2026-09-15 04:19:01,2026-09-15 04:19:01,2026-09-15 04:19:01,2026-09-15 05:42:51
6047595837882,99.651,33.7539,99.651,33.7539,1789435399,1789448700,1789435399,1789435399,1789435399,1789444078,1000,1,0755146964,0,1,1,150,2026-09-15 01:23:19,2026-09-15 05:05:00,2026-09-15 01:23:19,2026-09-15 01:23:19,2026-09-15 01:23:19,2026-09-15 03:47:58
6047595828597,98.2098,34.9116,98.2098,34.9116,1789442068,1789452000,1789442068,1789442068,1789442068,1789448251,290,1,0751983537,0,1,0,117,2026-09-15 03:14:28,2026-09-15 06:00:00,2026-09-15 03:14:28,2026-09-15 03:14:28,2026-09-15 03:14:28,2026-09-15 04:57:31
6047595837900,99.651,33.7539,99.651,33.7539,1789435398,1789447500,1789435398,1789435398,1789435398,1789447197,1000,1,0755146964,0,1,1,203,2026-09-15 01:23:18,2026-09-15 04:45:00,2026-09-15 01:23:18,2026-09-15 01:23:18,2026-09-15 01:23:18,2026-09-15 04:39:57
6047595827767,100.738,32.9324,100.738,32.9324,1789442124,1789464600,1789442124,1789442124,1789442124,1789456875,272000,1,0613329616,0,1,1,66,2026-09-15 03:15:24,2026-09-15 09:30:00,2026-09-15 03:15:24,2026-09-15 03:15:24,2026-09-15 03:15:24,2026-09-15 07:21:15
6047595959004,100.2301,34.4703,100.2301,34.4703,1789432739,1789444800,1789432739,1789432739,1789432739,0,22000,2,\\N,0,0,0,0,2026-09-15 00:38:59,2026-09-15 04:00:00,2026-09-15 00:38:59,2026-09-15 00:38:59,2026-09-15 00:38:59,
6047595841393,99.651,33.7539,99.651,33.7539,1789435064,1789452000,1789435064,1789435064,1789435064,1789443499,4300,1,0756924451,0,1,1,227,2026-09-15 01:17:44,2026-09-15 06:00:00,2026-09-15 01:17:44,2026-09-15 01:17:44,2026-09-15 01:17:44,2026-09-15 03:38:19
6047595820234,100.2301,34.4703,100.2301,34.4703,1789445630,1789464600,1789445630,1789445630,1789445630,1789450623,10000,1,0586643499,0,1,0,317,2026-09-15 04:13:50,2026-09-15 09:30:00,2026-09-15 04:13:50,2026-09-15 04:13:50,2026-09-15 04:13:50,2026-09-15 05:37:03
6047595837922,99.651,33.7539,99.651,33.7539,1789435396,1789452300,1789435396,1789435396,1789435396,1789438350,4800,1,0755146964,0,1,0,237,2026-09-15 01:23:16,2026-09-15 06:05:00,2026-09-15 01:23:16,2026-09-15 01:23:16,2026-09-15 01:23:16,2026-09-15 02:12:30
8047595806154,100.229,34.4685,100.229,34.4685,1789440669,0,0,0,0,1789440669,8200,1,0757590820,1,0,0,272,2026-09-15 02:51:09,,,,,2026-09-15 02:51:09
6047595589908,99.651,33.7539,99.651,33.7539,1789463878,1789467465,1789463878,1789463878,1789463878,1789466533,6400,1,0750298548,0,1,0,250,2026-09-15 09:17:58,2026-09-15 10:17:45,2026-09-15 09:17:58,2026-09-15 09:17:58,2026-09-15 09:17:58,2026-09-15 10:02:13
6047595890305,99.651,33.7539,99.651,33.7539,1789436269,1789439860,1789436269,1789436269,1789436269,1789436299,1000,1,0755146964,0,1,0,150,2026-09-15 01:37:49,2026-09-15 02:37:40,2026-09-15 01:37:49,2026-09-15 01:37:49,2026-09-15 01:37:49,2026-09-15 01:38:19
6047595837970,99.651,33.7539,99.651,33.7539,1789435393,1789452000,1789435393,1789435393,1789435393,1789438896,6500,1,0755146964,0,1,0,260,2026-09-15 01:23:13,2026-09-15 06:00:00,2026-09-15 01:23:13,2026-09-15 01:23:13,2026-09-15 01:23:13,2026-09-15 02:21:36
8047595410770,99.9045,33.9651,99.9045,33.9651,1789452359,0,0,0,0,1789452359,22500,1,0723980389,1,0,0,169,2026-09-15 06:05:59,,,,,2026-09-15 06:05:59
8047595123116,99.6488,33.758,99.6488,33.758,1789459193,0,0,0,0,1789459193,2800,1,0722476819,1,0,0,327,2026-09-15 07:59:53,,,,,2026-09-15 07:59:53
6047595941014,100.2301,34.4703,100.2301,34.4703,1789433375,1789444800,1789433375,1789433375,1789433375,1789441078,1100,1,0731669509,0,1,0,149,2026-09-15 00:49:35,2026-09-15 04:00:00,2026-09-15 00:49:35,2026-09-15 00:49:35,2026-09-15 00:49:35,2026-09-15 02:57:58
6047595827784,100.738,32.9324,100.738,32.9324,1789442121,1789464600,1789442121,1789442121,1789442121,1789456875,272000,1,0613329616,0,1,1,66,2026-09-15 03:15:21,2026-09-15 09:30:00,2026-09-15 03:15:21,2026-09-15 03:15:21,2026-09-15 03:15:21,2026-09-15 07:21:15
6047595841385,99.651,33.7539,99.651,33.7539,1789435064,1789452000,1789435064,1789435064,1789435064,1789442457,340,1,0756924451,0,1,0,117,2026-09-15 01:17:44,2026-09-15 06:00:00,2026-09-15 01:17:44,2026-09-15 01:17:44,2026-09-15 01:17:44,2026-09-15 03:20:57
6047595937715,100.2301,34.4703,100.2301,34.4703,1789433412,1789444800,1789433412,1789433412,1789433412,1789440694,1000,1,0731669509,0,1,0,166,2026-09-15 00:50:12,2026-09-15 04:00:00,2026-09-15 00:50:12,2026-09-15 00:50:12,2026-09-15 00:50:12,2026-09-15 02:51:34
6047595812263,100.2301,34.4703,100.2301,34.4703,1789447875,1789451468,1789447875,1789447875,1789447875,0,1000,2,\\N,0,0,0,0,2026-09-15 04:51:15,2026-09-15 05:51:08,2026-09-15 04:51:15,2026-09-15 04:51:15,2026-09-15 04:51:15,
6047595820382,100.2301,34.4703,100.2301,34.4703,1789445575,1789464600,1789445575,1789445575,1789445575,1789450647,1000,1,0586643499,0,1,0,150,2026-09-15 04:12:55,2026-09-15 09:30:00,2026-09-15 04:12:55,2026-09-15 04:12:55,2026-09-15 04:12:55,2026-09-15 05:37:27
6047595837831,99.651,33.7539,99.651,33.7539,1789435407,1789452300,1789435407,1789435407,1789435407,1789438428,5900,1,0755146964,0,1,0,265,2026-09-15 01:23:27,2026-09-15 06:05:00,2026-09-15 01:23:27,2026-09-15 01:23:27,2026-09-15 01:23:27,2026-09-15 02:13:48
6047595851970,100.6256,33.7266,100.6256,33.7266,1789434377,1789444800,1789434377,1789434377,1789434377,1789444424,10000,1,0678203599,0,1,1,315,2026-09-15 01:06:17,2026-09-15 04:00:00,2026-09-15 01:06:17,2026-09-15 01:06:17,2026-09-15 01:06:17,2026-09-15 03:53:44
8047595635127,99.6488,33.758,99.6488,33.758,1789444644,0,0,0,0,1789444644,1000,1,0600882909,1,0,0,356,2026-09-15 03:57:24,,,,,2026-09-15 03:57:24
8047595112993,99.6488,33.758,99.6488,33.758,1789459446,0,0,0,0,1789459446,1000,1,0722476819,1,0,0,305,2026-09-15 08:04:06,,,,,2026-09-15 08:04:06
6047595837964,99.651,33.7539,99.651,33.7539,1789435394,1789438952,1789435394,1789435394,1789435394,1789447711,500,1,0755146964,0,0,1,178,2026-09-15 01:23:14,2026-09-15 02:22:32,2026-09-15 01:23:14,2026-09-15 01:23:14,2026-09-15 01:23:14,2026-09-15 04:48:31
6047595760781,99.651,33.7539,99.651,33.7539,1789453479,1789457073,1789453479,1789453479,1789453479,1789453615,4000,1,0755146964,0,1,0,222,2026-09-15 06:24:39,2026-09-15 07:24:33,2026-09-15 06:24:39,2026-09-15 06:24:39,2026-09-15 06:24:39,2026-09-15 06:26:55
6047595837950,99.651,33.7539,99.651,33.7539,1789435395,1789452000,1789435395,1789435395,1789435395,1789445133,2000,1,0755146964,0,1,1,185,2026-09-15 01:23:15,2026-09-15 06:00:00,2026-09-15 01:23:15,2026-09-15 01:23:15,2026-09-15 01:23:15,2026-09-15 04:05:33
6047595815854,100.2301,34.4703,100.2301,34.4703,1789447090,1789452000,1789447090,1789447090,1789447090,0,1000,2,\\N,0,0,0,0,2026-09-15 04:38:10,2026-09-15 06:00:00,2026-09-15 04:38:10,2026-09-15 04:38:10,2026-09-15 04:38:10,
6047595821900,100.2301,34.4703,100.2301,34.4703,1789444827,1789464600,1789444827,1789444827,1789444827,1789458122,1000,1,0729515412,0,1,1,119,2026-09-15 04:00:27,2026-09-15 09:30:00,2026-09-15 04:00:27,2026-09-15 04:00:27,2026-09-15 04:00:27,2026-09-15 07:42:02
8047595129798,100.2291,34.4684,100.229,34.4685,1789459100,0,0,0,0,1789459100,1000,1,0475840601,1,0,0,239,2026-09-15 07:58:20,,,,,2026-09-15 07:58:20
6047595842317,99.9047,33.9653,99.9047,33.9653,1789435124,1789447800,1789435124,1789435124,1789435124,1789447940,118000,1,0745296255,0,0,1,334,2026-09-15 01:18:44,2026-09-15 04:50:00,2026-09-15 01:18:44,2026-09-15 01:18:44,2026-09-15 01:18:44,2026-09-15 04:52:20
6047595631811,98.2098,34.9116,98.2098,34.9116,1789470894,1789474491,1789470894,1789470894,1789470894,1789470905,2000,1,0751983537,0,1,0,172,2026-09-15 11:14:54,2026-09-15 12:14:51,2026-09-15 11:14:54,2026-09-15 11:14:54,2026-09-15 11:14:54,2026-09-15 11:15:05
6047595837955,99.651,33.7539,99.651,33.7539,1789435394,1789447500,1789435394,1789435394,1789435394,1789443217,1000,1,0755146964,0,1,0,185,2026-09-15 01:23:14,2026-09-15 04:45:00,2026-09-15 01:23:14,2026-09-15 01:23:14,2026-09-15 01:23:14,2026-09-15 03:33:37
8047595372613,100.2291,34.4684,100.229,34.4685,1789453687,0,0,0,0,1789453687,1000,1,0757590820,1,0,0,301,2026-09-15 06:28:07,,,,,2026-09-15 06:28:07
6047595827740,100.738,32.9324,100.738,32.9324,1789442124,1789464600,1789442124,1789442124,1789442124,1789456875,272000,1,0613329616,0,1,1,66,2026-09-15 03:15:24,2026-09-15 09:30:00,2026-09-15 03:15:24,2026-09-15 03:15:24,2026-09-15 03:15:24,2026-09-15 07:21:15
6047595842320,99.9047,33.9653,99.9047,33.9653,1789435123,1789444800,1789435123,1789435123,1789435123,0,3800,2,\\N,0,0,0,0,2026-09-15 01:18:43,2026-09-15 04:00:00,2026-09-15 01:18:43,2026-09-15 01:18:43,2026-09-15 01:18:43,
6047595819071,100.2301,34.4703,100.2301,34.4703,1789445019,1789464600,1789445019,1789445019,1789445019,1789448612,1000,1,0731669509,0,1,0,166,2026-09-15 04:03:39,2026-09-15 09:30:00,2026-09-15 04:03:39,2026-09-15 04:03:39,2026-09-15 04:03:39,2026-09-15 05:03:32
6047595818945,100.2301,34.4703,100.2301,34.4703,1789445070,1789462200,1789445070,1789445070,1789445070,1789457738,2000,1,0729515412,0,1,1,166,2026-09-15 04:04:30,2026-09-15 08:50:00,2026-09-15 04:04:30,2026-09-15 04:04:30,2026-09-15 04:04:30,2026-09-15 07:35:38
6047595816444,100.2301,34.4703,100.2301,34.4703,1789446115,1789480800,1789446115,1789446115,1789446115,1789457219,1000,1,0752242651,0,1,1,149,2026-09-15 04:21:55,2026-09-15 14:00:00,2026-09-15 04:21:55,2026-09-15 04:21:55,2026-09-15 04:21:55,2026-09-15 07:26:59
6047595837945,99.651,33.7539,99.651,33.7539,1789435394,1789452000,1789435395,1789435395,1789435395,1789441158,320,1,0755146964,0,1,0,117,2026-09-15 01:23:14,2026-09-15 06:00:00,2026-09-15 01:23:15,2026-09-15 01:23:15,2026-09-15 01:23:15,2026-09-15 02:59:18
8047595130195,100.2291,34.4684,100.229,34.4685,1789459102,0,0,0,0,1789459102,1000,1,0475840601,1,0,0,239,2026-09-15 07:58:22,,,,,2026-09-15 07:58:22
6047595837960,99.651,33.7539,99.651,33.7539,1789435394,1789452000,1789435394,1789435394,1789435394,1789447640,1200,1,0755146964,0,1,1,198,2026-09-15 01:23:14,2026-09-15 06:00:00,2026-09-15 01:23:14,2026-09-15 01:23:14,2026-09-15 01:23:14,2026-09-15 04:47:20
6047595828681,98.2098,34.9116,98.2098,34.9116,1789441580,1789454400,1789441580,1789441580,1789441580,1789451338,1600,1,0751983537,0,1,1,158,2026-09-15 03:06:20,2026-09-15 06:40:00,2026-09-15 03:06:20,2026-09-15 03:06:20,2026-09-15 03:06:20,2026-09-15 05:48:58
6047595830010,100.738,32.9324,100.738,32.9324,1789441807,1789464600,1789441807,1789441807,1789441807,1789445532,1000,1,0649086388,0,1,0,157,2026-09-15 03:10:07,2026-09-15 09:30:00,2026-09-15 03:10:07,2026-09-15 03:10:07,2026-09-15 03:10:07,2026-09-15 04:12:12
6047595935405,100.2301,34.4703,100.2301,34.4703,1789433540,1789452000,1789433540,1789433540,1789433540,1789439118,7700,1,0731669509,0,1,0,131,2026-09-15 00:52:20,2026-09-15 06:00:00,2026-09-15 00:52:20,2026-09-15 00:52:20,2026-09-15 00:52:20,2026-09-15 02:25:18
6047595851389,100.6256,33.7266,100.6256,33.7266,1789434382,1789444800,1789434382,1789434382,1789434382,1789437244,14500,1,0678203599,0,1,0,198,2026-09-15 01:06:22,2026-09-15 04:00:00,2026-09-15 01:06:22,2026-09-15 01:06:22,2026-09-15 01:06:22,2026-09-15 01:54:04
6047595941584,100.2301,34.4703,100.2301,34.4703,1789433266,1789444800,1789433266,1789433266,1789433266,1789438243,1000,1,0729515412,0,1,0,119,2026-09-15 00:47:46,2026-09-15 04:00:00,2026-09-15 00:47:46,2026-09-15 00:47:46,2026-09-15 00:47:46,2026-09-15 02:10:43
6047595827376,100.738,32.9324,100.738,32.9324,1789441887,1789464600,1789441887,1789441887,1789441887,0,5100,2,\\N,0,0,0,0,2026-09-15 03:11:27,2026-09-15 09:30:00,2026-09-15 03:11:27,2026-09-15 03:11:27,2026-09-15 03:11:27,
6047595827361,100.738,32.9324,100.738,32.9324,1789441889,1789480800,1789442760,1789442760,1789442760,1789453244,8000,1,0649086388,0,1,1,343,2026-09-15 03:11:29,2026-09-15 14:00:00,2026-09-15 03:26:00,2026-09-15 03:26:00,2026-09-15 03:26:00,2026-09-15 06:20:44
6047595827829,98.2098,34.9116,98.2098,34.9116,1789442109,1789454400,1789442109,1789442109,1789442109,0,1000,2,\\N,0,0,0,0,2026-09-15 03:15:09,2026-09-15 06:40:00,2026-09-15 03:15:09,2026-09-15 03:15:09,2026-09-15 03:15:09,
6047595820222,100.2301,34.4703,100.2301,34.4703,1789445636,1789480800,1789445636,1789445636,1789445636,1789451695,990,1,0573276138,0,1,0,141,2026-09-15 04:13:56,2026-09-15 14:00:00,2026-09-15 04:13:56,2026-09-15 04:13:56,2026-09-15 04:13:56,2026-09-15 05:54:55
8047594822447,100.2291,34.4684,100.229,34.4685,1789468042,0,0,0,0,1789468042,9100,1,0525201215,1,0,0,478,2026-09-15 10:27:22,,,,,2026-09-15 10:27:22
6047595938055,100.2301,34.4703,100.2301,34.4703,1789433420,1789444800,1789433420,1789433420,1789433420,1789437335,1000,1,0586643499,0,1,0,150,2026-09-15 00:50:20,2026-09-15 04:00:00,2026-09-15 00:50:20,2026-09-15 00:50:20,2026-09-15 00:50:20,2026-09-15 01:55:35
6047595819066,100.2301,34.4703,100.2301,34.4703,1789445018,1789464600,1789445018,1789445018,1789445018,1789455265,1000,1,0731669509,0,1,1,147,2026-09-15 04:03:38,2026-09-15 09:30:00,2026-09-15 04:03:38,2026-09-15 04:03:38,2026-09-15 04:03:38,2026-09-15 06:54:25
8047595500150,99.6488,33.758,99.6488,33.758,1789448600,0,0,0,0,1789448600,9000,1,0600882909,1,0,0,444,2026-09-15 05:03:20,,,,,2026-09-15 05:03:20
6047595829997,100.738,32.9324,100.738,32.9324,1789441808,1789464600,1789441808,1789441808,1789441808,1789443353,1000,1,0649086388,0,1,0,157,2026-09-15 03:10:08,2026-09-15 09:30:00,2026-09-15 03:10:08,2026-09-15 03:10:08,2026-09-15 03:10:08,2026-09-15 03:35:53
6047595841398,99.651,33.7539,99.651,33.7539,1789435064,1789447500,1789435064,1789435064,1789435064,1789439596,1000,1,0756924451,0,1,0,185,2026-09-15 01:17:44,2026-09-15 04:45:00,2026-09-15 01:17:44,2026-09-15 01:17:44,2026-09-15 01:17:44,2026-09-15 02:33:16
8047594976070,100.2291,34.4684,100.229,34.4685,1789464452,0,0,0,0,1789464452,1000,1,0757590820,1,0,0,279,2026-09-15 09:27:32,,,,,2026-09-15 09:27:32
6047595944030,100.2301,34.4703,100.2301,34.4703,1789433146,1789444800,1789433146,1789433146,1789433146,1789440169,1500,1,0475824345,0,1,0,175,2026-09-15 00:45:46,2026-09-15 04:00:00,2026-09-15 00:45:46,2026-09-15 00:45:46,2026-09-15 00:45:46,2026-09-15 02:42:49
8047594734725,100.7434,32.9289,100.7429,32.9285,1789468476,0,0,0,0,1789468476,1000,1,0613329616,1,0,0,239,2026-09-15 10:34:36,,,,,2026-09-15 10:34:36
8047595862634,100.229,34.4685,100.229,34.4685,1789437364,0,0,0,0,1789437364,1500,1,0757590820,1,0,0,128,2026-09-15 01:56:04,,,,,2026-09-15 01:56:04
6047595939812,100.2301,34.4703,100.2301,34.4703,1789433311,1789444800,1789433311,1789433311,1789433311,1789436574,1000,1,0752242651,0,1,0,169,2026-09-15 00:48:31,2026-09-15 04:00:00,2026-09-15 00:48:31,2026-09-15 00:48:31,2026-09-15 00:48:31,2026-09-15 01:42:54
6047595837910,99.651,33.7539,99.651,33.7539,1789435397,1789447500,1789435397,1789435397,1789435397,1789451287,1500,1,0755146964,0,0,1,175,2026-09-15 01:23:17,2026-09-15 04:45:00,2026-09-15 01:23:17,2026-09-15 01:23:17,2026-09-15 01:23:17,2026-09-15 05:48:07
6047595855659,100.2301,34.4703,100.2301,34.4703,1789434165,1789444800,1789434165,1789434165,1789434165,1789438238,21500,1,0525201215,0,1,0,233,2026-09-15 01:02:45,2026-09-15 04:00:00,2026-09-15 01:02:45,2026-09-15 01:02:45,2026-09-15 01:02:45,2026-09-15 02:10:38
6047595767969,98.2098,34.9116,98.2098,34.9116,1789440861,1789452000,1789440861,1789440861,1789440861,0,2900,2,\\N,0,0,0,0,2026-09-15 02:54:21,2026-09-15 06:00:00,2026-09-15 02:54:21,2026-09-15 02:54:21,2026-09-15 02:54:21,
8047595248050,100.2291,34.4684,98.2062,34.9135,1789455646,0,0,0,0,1789455646,1000,1,0751983537,1,0,0,239,2026-09-15 07:00:46,,,,,2026-09-15 07:00:46
6047595955456,100.2301,34.4703,100.2301,34.4703,1789432850,1789452000,1789432850,1789432850,1789432850,1789442797,6700,1,0731669509,0,1,1,238,2026-09-15 00:40:50,2026-09-15 06:00:00,2026-09-15 00:40:50,2026-09-15 00:40:50,2026-09-15 00:40:50,2026-09-15 03:26:37
6047595827380,100.738,32.9324,100.738,32.9324,1789441887,1789464600,1789441887,1789441887,1789441887,1789448744,1600,1,0613329616,0,1,0,161,2026-09-15 03:11:27,2026-09-15 09:30:00,2026-09-15 03:11:27,2026-09-15 03:11:27,2026-09-15 03:11:27,2026-09-15 05:05:44
6047595837971,99.651,33.7539,99.651,33.7539,1789435393,1789452000,1789435393,1789435393,1789435393,1789443558,400,1,0755146964,0,1,1,117,2026-09-15 01:23:13,2026-09-15 06:00:00,2026-09-15 01:23:13,2026-09-15 01:23:13,2026-09-15 01:23:13,2026-09-15 03:39:18
6047595826902,98.2098,34.9116,98.2098,34.9116,1789441998,1789452000,1789441998,1789441998,1789441998,0,100,2,\\N,0,0,0,0,2026-09-15 03:13:18,2026-09-15 06:00:00,2026-09-15 03:13:18,2026-09-15 03:13:18,2026-09-15 03:13:18,
6047595842321,99.9047,33.9653,99.9047,33.9653,1789435123,1789452000,1789435123,1789435123,1789435123,0,920,2,\\N,0,0,0,0,2026-09-15 01:18:43,2026-09-15 06:00:00,2026-09-15 01:18:43,2026-09-15 01:18:43,2026-09-15 01:18:43,
6047595830289,98.2098,34.9116,98.2098,34.9116,1789441662,1789454400,1789441662,1789441662,1789441662,1789447496,5100,1,0751983537,0,1,0,245,2026-09-15 03:07:42,2026-09-15 06:40:00,2026-09-15 03:07:42,2026-09-15 03:07:42,2026-09-15 03:07:42,2026-09-15 04:44:56
6047595939447,100.2301,34.4703,100.2301,34.4703,1789433322,1789444800,1789433322,1789433322,1789433322,0,1000,2,\\N,0,0,0,0,2026-09-15 00:48:42,2026-09-15 04:00:00,2026-09-15 00:48:42,2026-09-15 00:48:42,2026-09-15 00:48:42,
8047594608235,100.7434,32.9289,100.7429,32.9285,1789472373,0,0,0,0,1789472373,1000,1,0613329616,1,0,0,296,2026-09-15 11:39:33,,,,,2026-09-15 11:39:33
8047595636035,99.6488,33.758,99.6488,33.758,1789444639,0,0,0,0,1789444639,1000,1,0600882909,1,0,0,356,2026-09-15 03:57:19,,,,,2026-09-15 03:57:19
6047595949486,100.2301,34.4703,100.2301,34.4703,1789432970,1789452000,1789432970,1789432970,1789432970,1789436377,400,1,0752242651,0,1,0,135,2026-09-15 00:42:50,2026-09-15 06:00:00,2026-09-15 00:42:50,2026-09-15 00:42:50,2026-09-15 00:42:50,2026-09-15 01:39:37
6047595816445,100.2301,34.4703,100.2301,34.4703,1789446115,1789464600,1789446115,1789446115,1789446115,1789461512,4000,1,0752242651,0,1,1,203,2026-09-15 04:21:55,2026-09-15 09:30:00,2026-09-15 04:21:55,2026-09-15 04:21:55,2026-09-15 04:21:55,2026-09-15 08:38:32
6047595940060,99.9047,33.9653,99.9047,33.9653,1789433319,1789447800,1789433319,1789433319,1789433319,1789433990,2050000,1,0745296255,0,1,0,252,2026-09-15 00:48:39,2026-09-15 04:50:00,2026-09-15 00:48:39,2026-09-15 00:48:39,2026-09-15 00:48:39,2026-09-15 00:59:50
6047595819087,100.2301,34.4703,100.2301,34.4703,1789445014,1789480800,1789445014,1789445014,1789445014,0,1300,2,\\N,0,0,0,0,2026-09-15 04:03:34,2026-09-15 14:00:00,2026-09-15 04:03:34,2026-09-15 04:03:34,2026-09-15 04:03:34,
6047595821899,100.2301,34.4703,100.2301,34.4703,1789444826,1789464600,1789444826,1789444826,1789444826,1789454157,2000,1,0729515412,0,1,1,166,2026-09-15 04:00:26,2026-09-15 09:30:00,2026-09-15 04:00:26,2026-09-15 04:00:26,2026-09-15 04:00:26,2026-09-15 06:35:57
6047595940203,100.2301,34.4703,100.2301,34.4703,1789433313,1789452000,1789433313,1789433313,1789433313,1789437628,300,1,0752242651,0,1,0,117,2026-09-15 00:48:33,2026-09-15 06:00:00,2026-09-15 00:48:33,2026-09-15 00:48:33,2026-09-15 00:48:33,2026-09-15 02:00:28
6047595821908,100.2301,34.4703,100.2301,34.4703,1789444826,1789480800,1789444826,1789444826,1789444826,0,500,2,\\N,0,0,0,0,2026-09-15 04:00:26,2026-09-15 14:00:00,2026-09-15 04:00:26,2026-09-15 04:00:26,2026-09-15 04:00:26,
6047595819594,100.2301,34.4703,100.2301,34.4703,1789445673,1789480800,1789445673,1789445673,1789445673,1789451112,4800,1,0573276138,0,1,0,220,2026-09-15 04:14:33,2026-09-15 14:00:00,2026-09-15 04:14:33,2026-09-15 04:14:33,2026-09-15 04:14:33,2026-09-15 05:45:12
8047595561788,100.2291,34.4684,100.229,34.4685,1789446508,0,0,0,0,1789446508,1000,1,0475840601,1,0,0,282,2026-09-15 04:28:28,,,,,2026-09-15 04:28:28
8047595309711,100.2291,34.4684,100.229,34.4685,1789453685,0,0,0,0,1789453685,1000,1,0757590820,1,0,0,301,2026-09-15 06:28:05,,,,,2026-09-15 06:28:05
6047595830023,100.738,32.9324,100.738,32.9324,1789441806,1789480800,1789441806,1789441806,1789441806,1789463995,770,1,0649086388,0,1,1,158,2026-09-15 03:10:06,2026-09-15 14:00:00,2026-09-15 03:10:06,2026-09-15 03:10:06,2026-09-15 03:10:06,2026-09-15 09:19:55
6047595944000,100.2301,34.4703,100.2301,34.4703,1789433146,1789444800,1789433146,1789433146,1789433146,1789436666,1000,1,0475824345,0,1,0,157,2026-09-15 00:45:46,2026-09-15 04:00:00,2026-09-15 00:45:46,2026-09-15 00:45:46,2026-09-15 00:45:46,2026-09-15 01:44:26
6047595819081,100.2301,34.4703,100.2301,34.4703,1789445012,1789480800,1789445012,1789445012,1789445012,1789449633,500,1,0731669509,0,1,0,135,2026-09-15 04:03:32,2026-09-15 14:00:00,2026-09-15 04:03:32,2026-09-15 04:03:32,2026-09-15 04:03:32,2026-09-15 05:20:33
6047595939369,99.9047,33.9653,99.9047,33.9653,1789433326,1789447800,1789433326,1789433326,1789433326,1789433990,2050000,1,0745296255,0,1,0,252,2026-09-15 00:48:46,2026-09-15 04:50:00,2026-09-15 00:48:46,2026-09-15 00:48:46,2026-09-15 00:48:46,2026-09-15 00:59:50
6047595939987,100.2301,34.4703,100.2301,34.4703,1789433321,1789444800,1789433321,1789433321,1789433321,1789441296,1600,1,0731669509,0,1,0,158,2026-09-15 00:48:41,2026-09-15 04:00:00,2026-09-15 00:48:41,2026-09-15 00:48:41,2026-09-15 00:48:41,2026-09-15 03:01:36
6047595932143,100.2301,34.4703,100.2301,34.4703,1789433776,1789444800,1789433776,1789433776,1789433776,0,153000,2,\\N,0,0,0,0,2026-09-15 00:56:16,2026-09-15 04:00:00,2026-09-15 00:56:16,2026-09-15 00:56:16,2026-09-15 00:56:16,
8047594784529,100.2291,34.4684,100.229,34.4685,1789466834,0,0,0,0,1789466834,1000,1,0475840601,1,0,0,310,2026-09-15 10:07:14,,,,,2026-09-15 10:07:14
6047595821883,100.2301,34.4703,100.2301,34.4703,1789444830,1789464600,1789444830,1789444830,1789444830,1789455161,2400,1,0729515412,0,1,1,192,2026-09-15 04:00:30,2026-09-15 09:30:00,2026-09-15 04:00:30,2026-09-15 04:00:30,2026-09-15 04:00:30,2026-09-15 06:52:41
6047595827776,100.738,32.9324,100.738,32.9324,1789442122,1789464600,1789442122,1789442122,1789442122,1789456875,272000,1,0613329616,0,1,1,66,2026-09-15 03:15:22,2026-09-15 09:30:00,2026-09-15 03:15:22,2026-09-15 03:15:22,2026-09-15 03:15:22,2026-09-15 07:21:15
6047595828591,98.2098,34.9116,98.2098,34.9116,1789442070,1789452000,1789442070,1789442070,1789442070,1789444390,600,1,0751983537,0,1,0,154,2026-09-15 03:14:30,2026-09-15 06:00:00,2026-09-15 03:14:30,2026-09-15 03:14:30,2026-09-15 03:14:30,2026-09-15 03:53:10
6047595942643,100.2301,34.4703,100.2301,34.4703,1789433303,1789444800,1789433303,1789433303,1789433303,1789437596,1000,1,0586643499,0,1,0,150,2026-09-15 00:48:23,2026-09-15 04:00:00,2026-09-15 00:48:23,2026-09-15 00:48:23,2026-09-15 00:48:23,2026-09-15 01:59:56
6047595933691,100.2301,34.4703,100.2301,34.4703,1789433599,1789466400,1789433599,1789433599,1789433599,1789437811,32000,1,0586643499,0,1,0,315,2026-09-15 00:53:19,2026-09-15 10:00:00,2026-09-15 00:53:19,2026-09-15 00:53:19,2026-09-15 00:53:19,2026-09-15 02:03:31
6047595872475,99.651,33.7539,99.651,33.7539,1789437473,1789466400,1789437473,1789437473,1789437473,1789455052,75000,1,0722476819,0,1,1,273,2026-09-15 01:57:53,2026-09-15 10:00:00,2026-09-15 01:57:53,2026-09-15 01:57:53,2026-09-15 01:57:53,2026-09-15 06:50:52
6047595844817,99.651,33.7539,99.651,33.7539,1789434972,1789466400,1789434972,1789434972,1789434972,1789455052,75000,1,0722476819,0,1,1,273,2026-09-15 01:16:12,2026-09-15 10:00:00,2026-09-15 01:16:12,2026-09-15 01:16:12,2026-09-15 01:16:12,2026-09-15 06:50:52
6047595827368,100.738,32.9324,100.738,32.9324,1789441888,1789480800,1789441888,1789441888,1789441888,1789447987,960,1,0613329616,0,1,0,132,2026-09-15 03:11:28,2026-09-15 14:00:00,2026-09-15 03:11:28,2026-09-15 03:11:28,2026-09-15 03:11:28,2026-09-15 04:53:07
8047595558840,100.2291,34.4684,100.229,34.4685,1789446513,0,0,0,0,1789446513,1000,1,0475840601,1,0,0,239,2026-09-15 04:28:33,,,,,2026-09-15 04:28:33
6047595958938,100.2301,34.4703,100.2301,34.4703,1789432742,1789444800,1789432742,1789432742,1789432742,1789441224,15000,1,0525201215,0,1,1,426,2026-09-15 00:39:02,2026-09-15 04:00:00,2026-09-15 00:39:02,2026-09-15 00:39:02,2026-09-15 00:39:02,2026-09-15 03:00:24
6047595851957,100.6256,33.7266,100.6256,33.7266,1789434378,1789444800,1789434378,1789434378,1789434378,1789434901,1700,1,0678203599,0,1,0,163,2026-09-15 01:06:18,2026-09-15 04:00:00,2026-09-15 01:06:18,2026-09-15 01:06:18,2026-09-15 01:06:18,2026-09-15 01:15:01
6047595829982,100.738,32.9324,100.738,32.9324,1789441809,1789464600,1789441809,1789441809,1789441809,1789444530,1700,1,0649086388,0,1,0,160,2026-09-15 03:10:09,2026-09-15 09:30:00,2026-09-15 03:10:09,2026-09-15 03:10:09,2026-09-15 03:10:09,2026-09-15 03:55:30
6047595820362,100.2301,34.4703,100.2301,34.4703,1789445576,1789480800,1789445576,1789445576,1789445576,1789453030,500,1,0586643499,0,1,0,135,2026-09-15 04:12:56,2026-09-15 14:00:00,2026-09-15 04:12:56,2026-09-15 04:12:56,2026-09-15 04:12:56,2026-09-15 06:17:10
6047595840047,100.6256,33.7266,100.6256,33.7266,1789435238,1789444800,1789435238,1789435238,1789435238,1789438311,70000,1,0678203599,0,1,0,1270,2026-09-15 01:20:38,2026-09-15 04:00:00,2026-09-15 01:20:38,2026-09-15 01:20:38,2026-09-15 01:20:38,2026-09-15 02:11:51
6047595937636,100.2301,34.4703,100.2301,34.4703,1789433440,1789444800,1789433440,1789433440,1789433440,1789436672,2100,1,0731669509,0,1,0,168,2026-09-15 00:50:40,2026-09-15 04:00:00,2026-09-15 00:50:40,2026-09-15 00:50:40,2026-09-15 00:50:40,2026-09-15 01:44:32
6047595841999,99.9047,33.9653,99.9047,33.9653,1789435112,1789444800,1789435112,1789435112,1789435112,1789439516,2500,1,0743559826,0,1,0,194,2026-09-15 01:18:32,2026-09-15 04:00:00,2026-09-15 01:18:32,2026-09-15 01:18:32,2026-09-15 01:18:32,2026-09-15 02:31:56
8047595120070,99.6488,33.758,99.6488,33.758,1789459211,0,0,0,0,1789459211,1000,1,0600882909,1,0,0,356,2026-09-15 08:00:11,,,,,2026-09-15 08:00:11
6047595825602,99.651,33.7539,99.651,33.7539,1789442661,1789446253,1789442661,1789442661,1789442661,1789442762,1200,1,0722476819,0,1,0,198,2026-09-15 03:24:21,2026-09-15 04:24:13,2026-09-15 03:24:21,2026-09-15 03:24:21,2026-09-15 03:24:21,2026-09-15 03:26:02
6047595837879,99.651,33.7539,99.651,33.7539,1789435400,1789452000,1789435400,1789435400,1789435400,1789448321,1700,1,0755146964,0,1,1,196,2026-09-15 01:23:20,2026-09-15 06:00:00,2026-09-15 01:23:20,2026-09-15 01:23:20,2026-09-15 01:23:20,2026-09-15 04:58:41
8047595128513,100.2291,34.4684,100.229,34.4685,1789459097,0,0,0,0,1789459097,1000,1,0475840601,1,0,0,356,2026-09-15 07:58:17,,,,,2026-09-15 07:58:17
8047595561696,100.2291,34.4684,100.229,34.4685,1789446509,0,0,0,0,1789446509,1000,1,0475840601,1,0,0,239,2026-09-15 04:28:29,,,,,2026-09-15 04:28:29
6047595818989,99.651,33.7539,99.651,33.7539,1789445061,1789448656,1789445061,1789445061,1789445061,0,1800,2,\\N,0,0,0,0,2026-09-15 04:04:21,2026-09-15 05:04:16,2026-09-15 04:04:21,2026-09-15 04:04:21,2026-09-15 04:04:21,
6047595941039,100.2301,34.4703,100.2301,34.4703,1789433373,1789452000,1789433373,1789433373,1789433373,1789442216,4100,1,0573276138,0,1,1,207,2026-09-15 00:49:33,2026-09-15 06:00:00,2026-09-15 00:49:33,2026-09-15 00:49:33,2026-09-15 00:49:33,2026-09-15 03:16:56
6047595827745,100.738,32.9324,100.738,32.9324,1789442124,1789464600,1789442124,1789442124,1789442124,1789456875,272000,1,0613329616,0,1,1,66,2026-09-15 03:15:24,2026-09-15 09:30:00,2026-09-15 03:15:24,2026-09-15 03:15:24,2026-09-15 03:15:24,2026-09-15 07:21:15
6047595821898,100.2301,34.4703,100.2301,34.4703,1789444826,1789480800,1789444827,1789444827,1789444827,1789455510,500,1,0729515412,0,1,1,149,2026-09-15 04:00:26,2026-09-15 14:00:00,2026-09-15 04:00:27,2026-09-15 04:00:27,2026-09-15 04:00:27,2026-09-15 06:58:30
6047595839734,100.6256,33.7266,100.6256,33.7266,1789435168,1789466400,1789435168,1789435168,1789435168,1789463230,45500,1,0678203599,0,1,1,888,2026-09-15 01:19:28,2026-09-15 10:00:00,2026-09-15 01:19:28,2026-09-15 01:19:28,2026-09-15 01:19:28,2026-09-15 09:07:10
8047594785947,100.2291,34.4684,100.229,34.4685,1789466849,0,0,0,0,1789466849,1000,1,0475840601,1,0,0,239,2026-09-15 10:07:29,,,,,2026-09-15 10:07:29
8047594848706,100.2291,34.4684,100.229,34.4685,1789466908,0,0,0,0,1789466908,6000,1,0475840601,1,0,0,653,2026-09-15 10:08:28,,,,,2026-09-15 10:08:28
6047595919004,100.6256,33.7266,100.6256,33.7266,1789432005,1789435595,1789432005,1789432005,1789432005,0,20000,2,\\N,0,0,0,0,2026-09-15 00:26:45,2026-09-15 01:26:35,2026-09-15 00:26:45,2026-09-15 00:26:45,2026-09-15 00:26:45,
6047595722671,100.2301,34.4703,100.2301,34.4703,1789451860,1789480800,1789451860,1789451860,1789451860,1789451893,4000,1,0752242651,0,1,0,205,2026-09-15 05:57:40,2026-09-15 14:00:00,2026-09-15 05:57:40,2026-09-15 05:57:40,2026-09-15 05:57:40,2026-09-15 05:58:13
6047595944022,100.2301,34.4703,100.2301,34.4703,1789433146,1789444800,1789433146,1789433146,1789433146,1789435381,6500,1,0475824345,0,1,0,252,2026-09-15 00:45:46,2026-09-15 04:00:00,2026-09-15 00:45:46,2026-09-15 00:45:46,2026-09-15 00:45:46,2026-09-15 01:23:01
6047595937773,100.2301,34.4703,100.2301,34.4703,1789433408,1789444800,1789433408,1789433408,1789433408,1789438924,1000,1,0731669509,0,1,0,166,2026-09-15 00:50:08,2026-09-15 04:00:00,2026-09-15 00:50:08,2026-09-15 00:50:08,2026-09-15 00:50:08,2026-09-15 02:22:04
6047595827365,100.738,32.9324,100.738,32.9324,1789441889,1789480800,1789441889,1789441889,1789441889,1789446681,3900,1,0613329616,0,1,0,186,2026-09-15 03:11:29,2026-09-15 14:00:00,2026-09-15 03:11:29,2026-09-15 03:11:29,2026-09-15 03:11:29,2026-09-15 04:31:21
6047595846015,99.651,33.7539,99.651,33.7539,1789434756,1789447500,1789434756,1789434756,1789434756,1789441605,5400,1,0722476819,0,1,0,266,2026-09-15 01:12:36,2026-09-15 04:45:00,2026-09-15 01:12:36,2026-09-15 01:12:36,2026-09-15 01:12:36,2026-09-15 03:06:45
8047595716638,100.229,34.4685,100.229,34.4685,1789441122,0,0,0,0,1789441122,1500,1,0757590820,1,0,0,145,2026-09-15 02:58:42,,,,,2026-09-15 02:58:42
6047595816489,100.2301,34.4703,100.2301,34.4703,1789446089,1789464600,1789446089,1789446089,1789446089,0,1000,2,\\N,0,0,0,0,2026-09-15 04:21:29,2026-09-15 09:30:00,2026-09-15 04:21:29,2026-09-15 04:21:29,2026-09-15 04:21:29,
8047594749762,99.6488,33.758,99.6488,33.758,1789468135,0,0,0,0,1789468135,1000,1,0600882909,1,0,0,239,2026-09-15 10:28:55,,,,,2026-09-15 10:28:55
8047595709141,100.7434,32.9289,100.7429,32.9285,1789441285,0,0,0,0,1789441285,1000,1,0613329616,1,0,0,309,2026-09-15 03:01:25,,,,,2026-09-15 03:01:25
6047595944717,100.2301,34.4703,100.2301,34.4703,1789433224,1789452000,1789433224,1789433224,1789433224,0,530,2,\\N,0,0,0,0,2026-09-15 00:47:04,2026-09-15 06:00:00,2026-09-15 00:47:04,2026-09-15 00:47:04,2026-09-15 00:47:04,
8047595128648,100.2291,34.4684,100.229,34.4685,1789459095,0,0,0,0,1789459095,1800,1,0475840601,1,0,0,410,2026-09-15 07:58:15,,,,,2026-09-15 07:58:15
8047595130234,100.2291,34.4684,100.229,34.4685,1789459101,0,0,0,0,1789459101,1000,1,0475840601,1,0,0,239,2026-09-15 07:58:21,,,,,2026-09-15 07:58:21
6047595816434,100.2301,34.4703,100.2301,34.4703,1789446117,1789464600,1789446117,1789446117,1789446117,1789457595,1700,1,0752242651,0,1,1,179,2026-09-15 04:21:57,2026-09-15 09:30:00,2026-09-15 04:21:57,2026-09-15 04:21:57,2026-09-15 04:21:57,2026-09-15 07:33:15
6047595940883,100.2301,34.4703,100.2301,34.4703,1789433349,1789452000,1789433349,1789433349,1789433349,1789439061,18000,1,0475824345,0,1,0,224,2026-09-15 00:49:09,2026-09-15 06:00:00,2026-09-15 00:49:09,2026-09-15 00:49:09,2026-09-15 00:49:09,2026-09-15 02:24:21
6047595842051,99.9047,33.9653,99.9047,33.9653,1789435110,1789447800,1789435110,1789435110,1789435110,1789437343,8200,1,0743559826,0,1,0,325,2026-09-15 01:18:30,2026-09-15 04:50:00,2026-09-15 01:18:30,2026-09-15 01:18:30,2026-09-15 01:18:30,2026-09-15 01:55:43
6047595943253,100.2301,34.4703,100.2301,34.4703,1789433285,1789452000,1789433285,1789433285,1789433285,0,5600,2,\\N,0,0,0,0,2026-09-15 00:48:05,2026-09-15 06:00:00,2026-09-15 00:48:05,2026-09-15 00:48:05,2026-09-15 00:48:05,
6047595829969,100.738,32.9324,100.738,32.9324,1789441809,1789480800,1789441809,1789441809,1789441809,1789443900,2200,1,0649086388,0,1,0,180,2026-09-15 03:10:09,2026-09-15 14:00:00,2026-09-15 03:10:09,2026-09-15 03:10:09,2026-09-15 03:10:09,2026-09-15 03:45:00
6047595816954,100.2301,34.4703,100.2301,34.4703,1789445874,1789480800,1789445874,1789445874,1789445874,1789453531,450,1,0752242651,0,1,0,117,2026-09-15 04:17:54,2026-09-15 14:00:00,2026-09-15 04:17:54,2026-09-15 04:17:54,2026-09-15 04:17:54,2026-09-15 06:25:31
6047595827381,100.738,32.9324,100.738,32.9324,1789441887,1789480800,1789441887,1789441887,1789441887,1789447188,11500,1,0613329616,0,1,0,328,2026-09-15 03:11:27,2026-09-15 14:00:00,2026-09-15 03:11:27,2026-09-15 03:11:27,2026-09-15 03:11:27,2026-09-15 04:39:48
6047595820200,100.2301,34.4703,100.2301,34.4703,1789445639,1789464600,1789445639,1789445639,1789445639,1789450720,1000,1,0573276138,0,1,0,166,2026-09-15 04:13:59,2026-09-15 09:30:00,2026-09-15 04:13:59,2026-09-15 04:13:59,2026-09-15 04:13:59,2026-09-15 05:38:40
6047595842004,99.9047,33.9653,99.9047,33.9653,1789435112,1789452000,1789435112,1789435112,1789435112,1789447034,1300,1,0743559826,0,1,1,197,2026-09-15 01:18:32,2026-09-15 06:00:00,2026-09-15 01:18:32,2026-09-15 01:18:32,2026-09-15 01:18:32,2026-09-15 04:37:14
6047595938017,100.2301,34.4703,100.2301,34.4703,1789433421,1789444800,1789433421,1789433421,1789433421,0,1000,2,\\N,0,0,0,0,2026-09-15 00:50:21,2026-09-15 04:00:00,2026-09-15 00:50:21,2026-09-15 00:50:21,2026-09-15 00:50:21,
6047595942205,99.9047,33.9653,99.9047,33.9653,1789433239,1789447800,1789433239,1789433239,1789433239,1789433990,2050000,1,0745296255,0,1,0,252,2026-09-15 00:47:19,2026-09-15 04:50:00,2026-09-15 00:47:19,2026-09-15 00:47:19,2026-09-15 00:47:19,2026-09-15 00:59:50
6047595862168,100.2301,34.4703,100.2301,34.4703,1789433881,1789452000,1789445945,1789445945,1789445945,0,1200,2,\\N,0,0,0,0,2026-09-15 00:58:01,2026-09-15 06:00:00,2026-09-15 04:19:05,2026-09-15 04:19:05,2026-09-15 04:19:05,
6047595829991,100.738,32.9324,100.738,32.9324,1789441809,1789464600,1789441809,1789441809,1789441809,1789444065,1000,1,0649086388,0,1,0,175,2026-09-15 03:10:09,2026-09-15 09:30:00,2026-09-15 03:10:09,2026-09-15 03:10:09,2026-09-15 03:10:09,2026-09-15 03:47:45
6047595931652,100.2301,34.4703,100.2301,34.4703,1789433693,1789444800,1789433693,1789433693,1789433693,0,1000,2,\\N,0,0,0,0,2026-09-15 00:54:53,2026-09-15 04:00:00,2026-09-15 00:54:53,2026-09-15 00:54:53,2026-09-15 00:54:53,
6047595845566,99.651,33.7539,99.651,33.7539,1789434754,1789452000,1789434754,1789434754,1789434754,0,300,2,\\N,0,0,0,0,2026-09-15 01:12:34,2026-09-15 06:00:00,2026-09-15 01:12:34,2026-09-15 01:12:34,2026-09-15 01:12:34,
6047595827749,100.738,32.9324,100.738,32.9324,1789442124,1789464600,1789442124,1789442124,1789442124,1789456875,272000,1,0613329616,0,1,1,66,2026-09-15 03:15:24,2026-09-15 09:30:00,2026-09-15 03:15:24,2026-09-15 03:15:24,2026-09-15 03:15:24,2026-09-15 07:21:15
8047595208088,99.6488,33.758,99.6488,33.758,1789457112,0,0,0,0,1789457112,1000,1,0600882909,1,0,0,239,2026-09-15 07:25:12,,,,,2026-09-15 07:25:12
8047594788953,99.6488,33.758,99.6488,33.758,1789466729,0,0,0,0,1789466729,1000,1,0750298548,1,0,0,296,2026-09-15 10:05:29,,,,,2026-09-15 10:05:29
8047595363132,99.6488,33.758,99.6488,33.758,1789454018,0,0,0,0,1789454018,8300,1,0600882909,1,0,0,484,2026-09-15 06:33:38,,,,,2026-09-15 06:33:38
6047595842542,99.651,33.7539,99.651,33.7539,1789435089,1789452000,1789435089,1789435089,1789435089,1789439616,1000,1,0750298548,0,1,0,158,2026-09-15 01:18:09,2026-09-15 06:00:00,2026-09-15 01:18:09,2026-09-15 01:18:09,2026-09-15 01:18:09,2026-09-15 02:33:36
8047595384908,100.229,34.4685,100.229,34.4685,1789451162,0,0,0,0,1789451162,2600,1,0757590820,1,0,0,207,2026-09-15 05:46:02,,,,,2026-09-15 05:46:02
8047594784130,100.2291,34.4684,100.229,34.4685,1789466831,0,0,0,0,1789466831,1000,1,0475840601,1,0,0,239,2026-09-15 10:07:11,,,,,2026-09-15 10:07:11
6047595851963,100.6256,33.7266,100.6256,33.7266,1789434378,1789444800,1789434378,1789434378,1789434378,1789438761,7900,1,0678203599,0,1,0,276,2026-09-15 01:06:18,2026-09-15 04:00:00,2026-09-15 01:06:18,2026-09-15 01:06:18,2026-09-15 01:06:18,2026-09-15 02:19:21
6047595827356,100.738,32.9324,100.738,32.9324,1789441890,1789480800,1789441890,1789441890,1789441890,1789454454,510,1,0613329616,0,1,1,158,2026-09-15 03:11:30,2026-09-15 14:00:00,2026-09-15 03:11:30,2026-09-15 03:11:30,2026-09-15 03:11:30,2026-09-15 06:40:54
6047595819884,100.2301,34.4703,100.2301,34.4703,1789445736,1789480800,1789445736,1789445736,1789445736,1789452392,660,1,0573276138,0,1,0,132,2026-09-15 04:15:36,2026-09-15 14:00:00,2026-09-15 04:15:36,2026-09-15 04:15:36,2026-09-15 04:15:36,2026-09-15 06:06:32
6047595822362,100.2301,34.4703,100.2301,34.4703,1789444459,1789464600,1789444459,1789444459,1789444459,1789447332,27000,1,0525201215,0,1,0,306,2026-09-15 03:54:19,2026-09-15 09:30:00,2026-09-15 03:54:19,2026-09-15 03:54:19,2026-09-15 03:54:19,2026-09-15 04:42:12
6047595956446,100.2301,34.4703,100.2301,34.4703,1789432756,1789444800,1789432756,1789432756,1789432756,1789441206,27500,1,0525201215,0,1,1,292,2026-09-15 00:39:16,2026-09-15 04:00:00,2026-09-15 00:39:16,2026-09-15 00:39:16,2026-09-15 00:39:16,2026-09-15 03:00:06
6047595830011,100.738,32.9324,100.738,32.9324,1789441807,1789480800,1789441807,1789441807,1789441807,1789447707,430,1,0649086388,0,1,0,117,2026-09-15 03:10:07,2026-09-15 14:00:00,2026-09-15 03:10:07,2026-09-15 03:10:07,2026-09-15 03:10:07,2026-09-15 04:48:27
6047595837940,99.651,33.7539,99.651,33.7539,1789435395,1789438948,1789435395,1789435395,1789435395,1789447665,1200,1,0755146964,0,0,1,186,2026-09-15 01:23:15,2026-09-15 02:22:28,2026-09-15 01:23:15,2026-09-15 01:23:15,2026-09-15 01:23:15,2026-09-15 04:47:45
8047595101141,99.9047,33.9653,99.9045,33.9651,1789461259,0,0,0,0,1789461260,1000,1,0743559826,1,0,0,239,2026-09-15 08:34:19,,,,,2026-09-15 08:34:20
8047595362716,99.6488,33.758,99.6488,33.758,1789454016,0,0,0,0,1789454016,96500,1,0600882909,1,0,0,2522,2026-09-15 06:33:36,,,,,2026-09-15 06:33:36
8047595561833,100.2291,34.4684,100.229,34.4685,1789446507,0,0,0,0,1789446507,1000,1,0475840601,1,0,0,360,2026-09-15 04:28:27,,,,,2026-09-15 04:28:27
6047595958920,100.2301,34.4703,100.2301,34.4703,1789432743,1789444800,1789432743,1789432743,1789432743,1789441250,25000,1,0525201215,0,1,1,271,2026-09-15 00:39:03,2026-09-15 04:00:00,2026-09-15 00:39:03,2026-09-15 00:39:03,2026-09-15 00:39:03,2026-09-15 03:00:50
6047595938056,100.2301,34.4703,100.2301,34.4703,1789433419,1789444800,1789433419,1789433419,1789433419,0,1000,2,\\N,0,0,0,0,2026-09-15 00:50:19,2026-09-15 04:00:00,2026-09-15 00:50:19,2026-09-15 00:50:19,2026-09-15 00:50:19,
8047595128627,100.2291,34.4684,100.229,34.4685,1789459095,0,0,0,0,1789459095,1000,1,0475840601,1,0,0,239,2026-09-15 07:58:15,,,,,2026-09-15 07:58:15
6047595939846,100.2301,34.4703,100.2301,34.4703,1789433310,1789452000,1789433310,1789433310,1789433310,1789447489,2000,1,0752242651,0,1,1,159,2026-09-15 00:48:30,2026-09-15 06:00:00,2026-09-15 00:48:30,2026-09-15 00:48:30,2026-09-15 00:48:30,2026-09-15 04:44:49
8047594611454,100.7434,32.9289,100.7429,32.9285,1789472353,0,0,0,0,1789472353,1000,1,0613329616,1,0,0,296,2026-09-15 11:39:13,,,,,2026-09-15 11:39:13
8047595561705,100.2291,34.4684,100.229,34.4685,1789446509,0,0,0,0,1789446509,1000,1,0475840601,1,0,0,239,2026-09-15 04:28:29,,,,,2026-09-15 04:28:29
6047595944253,100.2301,34.4703,100.2301,34.4703,1789433161,1789452000,1789433161,1789433161,1789433161,1789442797,6700,1,0731669509,0,1,1,238,2026-09-15 00:46:01,2026-09-15 06:00:00,2026-09-15 00:46:01,2026-09-15 00:46:01,2026-09-15 00:46:01,2026-09-15 03:26:37
6047595827345,100.738,32.9324,100.738,32.9324,1789441891,1789464600,1789441891,1789441891,1789441891,1789447590,1300,1,0613329616,0,1,0,153,2026-09-15 03:11:31,2026-09-15 09:30:00,2026-09-15 03:11:31,2026-09-15 03:11:31,2026-09-15 03:11:31,2026-09-15 04:46:30
6047595581501,98.2098,34.9116,98.2098,34.9116,1789465297,1789540800,1789465297,1789465297,1789465297,1789465870,1000,1,0751983537,0,1,0,157,2026-09-15 09:41:37,2026-09-16 06:40:00,2026-09-15 09:41:37,2026-09-15 09:41:37,2026-09-15 09:41:37,2026-09-15 09:51:10
6047595827406,100.738,32.9324,100.738,32.9324,1789441885,1789480800,1789441885,1789441885,1789441885,0,1200,2,\\N,0,0,0,0,2026-09-15 03:11:25,2026-09-15 14:00:00,2026-09-15 03:11:25,2026-09-15 03:11:25,2026-09-15 03:11:25,
6047595829990,100.738,32.9324,100.738,32.9324,1789441809,1789464600,1789441809,1789441809,1789441809,1789445532,1300,1,0649086388,0,1,0,162,2026-09-15 03:10:09,2026-09-15 09:30:00,2026-09-15 03:10:09,2026-09-15 03:10:09,2026-09-15 03:10:09,2026-09-15 04:12:12
6047595837962,99.651,33.7539,99.651,33.7539,1789435394,1789452000,1789435394,1789435394,1789435394,1789446304,6800,1,0755146964,0,1,1,291,2026-09-15 01:23:14,2026-09-15 06:00:00,2026-09-15 01:23:14,2026-09-15 01:23:14,2026-09-15 01:23:14,2026-09-15 04:25:04
6047595816432,100.2301,34.4703,100.2301,34.4703,1789446115,1789464600,1789446115,1789446115,1789446115,1789458664,1000,1,0752242651,0,1,1,157,2026-09-15 04:21:55,2026-09-15 09:30:00,2026-09-15 04:21:55,2026-09-15 04:21:55,2026-09-15 04:21:55,2026-09-15 07:51:04
6047595837974,99.651,33.7539,99.651,33.7539,1789435393,1789452000,1789435393,1789435393,1789435393,1789448715,7300,1,0755146964,0,1,1,300,2026-09-15 01:23:13,2026-09-15 06:00:00,2026-09-15 01:23:13,2026-09-15 01:23:13,2026-09-15 01:23:13,2026-09-15 05:05:15
6047595865351,100.2301,34.4703,100.2301,34.4703,1789433840,1789452000,1789446025,1789446025,1789446025,1789450358,500,1,0752242651,0,1,1,117,2026-09-15 00:57:20,2026-09-15 06:00:00,2026-09-15 04:20:25,2026-09-15 04:20:25,2026-09-15 04:20:25,2026-09-15 05:32:38
6047595842492,99.651,33.7539,99.651,33.7539,1789435090,1789447500,1789435090,1789435090,1789435090,1789439899,2900,1,0750298548,0,1,0,201,2026-09-15 01:18:10,2026-09-15 04:45:00,2026-09-15 01:18:10,2026-09-15 01:18:10,2026-09-15 01:18:10,2026-09-15 02:38:19
6047595837978,99.651,33.7539,99.651,33.7539,1789435393,1789447500,1789435393,1789435393,1789435393,1789442889,1000,1,0755146964,0,1,0,166,2026-09-15 01:23:13,2026-09-15 04:45:00,2026-09-15 01:23:13,2026-09-15 01:23:13,2026-09-15 01:23:13,2026-09-15 03:28:09
8047595360262,99.6488,33.758,99.6488,33.758,1789454029,0,0,0,0,1789454029,1000,1,0600882909,1,0,0,328,2026-09-15 06:33:49,,,,,2026-09-15 06:33:49
8047595717035,99.6488,33.758,99.6488,33.758,1789441147,0,0,0,0,1789441147,1000,1,0600882909,1,0,0,239,2026-09-15 02:59:07,,,,,2026-09-15 02:59:07
6047595827765,100.738,32.9324,100.738,32.9324,1789442123,1789464600,1789442123,1789442123,1789442123,1789456875,272000,1,0613329616,0,1,1,66,2026-09-15 03:15:23,2026-09-15 09:30:00,2026-09-15 03:15:23,2026-09-15 03:15:23,2026-09-15 03:15:23,2026-09-15 07:21:15
8047595055311,100.2291,34.4684,100.229,34.4685,1789460951,0,0,0,0,1789460951,100,1,0586643499,1,0,0,119,2026-09-15 08:29:11,,,,,2026-09-15 08:29:11
6047595827389,100.738,32.9324,100.738,32.9324,1789441886,1789464600,1789441886,1789441886,1789441886,1789448988,1000,1,0613329616,0,1,0,166,2026-09-15 03:11:26,2026-09-15 09:30:00,2026-09-15 03:11:26,2026-09-15 03:11:26,2026-09-15 03:11:26,2026-09-15 05:09:48
6047595669234,99.651,33.7539,99.651,33.7539,1789461935,1789465526,1789461935,1789461935,1789461935,1789461967,2600,1,0722476819,0,1,0,212,2026-09-15 08:45:35,2026-09-15 09:45:26,2026-09-15 08:45:35,2026-09-15 08:45:35,2026-09-15 08:45:35,2026-09-15 08:46:07
6047595841372,99.651,33.7539,99.651,33.7539,1789435066,1789446300,1789435066,1789435066,1789435066,1789444318,3000,1,0756924451,0,1,1,268,2026-09-15 01:17:46,2026-09-15 04:25:00,2026-09-15 01:17:46,2026-09-15 01:17:46,2026-09-15 01:17:46,2026-09-15 03:51:58
6047595830017,100.738,32.9324,100.738,32.9324,1789441805,1789464600,1789441805,1789441805,1789441805,0,1000,2,\\N,0,0,0,0,2026-09-15 03:10:05,2026-09-15 09:30:00,2026-09-15 03:10:05,2026-09-15 03:10:05,2026-09-15 03:10:05,
8047595243895,99.6488,33.758,99.6488,33.758,1789455752,0,0,0,0,1789455752,1000,1,0600882909,1,0,0,239,2026-09-15 07:02:32,,,,,2026-09-15 07:02:32
6047595574676,100.738,32.9324,100.738,32.9324,1789466668,1789470262,1789466668,1789466668,1789466668,1789467115,4000,1,0613329616,0,1,0,268,2026-09-15 10:04:28,2026-09-15 11:04:22,2026-09-15 10:04:28,2026-09-15 10:04:28,2026-09-15 10:04:28,2026-09-15 10:11:55
6047595827384,100.738,32.9324,100.738,32.9324,1789441886,1789464600,1789442575,1789442575,1789442575,1789454944,8600,1,0649086388,0,1,1,317,2026-09-15 03:11:26,2026-09-15 09:30:00,2026-09-15 03:22:55,2026-09-15 03:22:55,2026-09-15 03:22:55,2026-09-15 06:49:04
8047595400429,99.9047,33.9653,99.9045,33.9651,1789450184,0,0,0,0,1789450184,1000,1,0745296255,1,0,0,321,2026-09-15 05:29:44,,,,,2026-09-15 05:29:44
8047595191800,99.9047,33.9653,99.9045,33.9651,1789457342,0,0,0,0,1789457342,1000,1,0745296255,1,0,0,239,2026-09-15 07:29:02,,,,,2026-09-15 07:29:02
6047595863357,100.2301,34.4703,100.2301,34.4703,1789433919,1789444800,1789433919,1789433919,1789433919,0,13000,2,\\N,0,0,0,0,2026-09-15 00:58:39,2026-09-15 04:00:00,2026-09-15 00:58:39,2026-09-15 00:58:39,2026-09-15 00:58:39,
6047595829968,100.738,32.9324,100.738,32.9324,1789441809,1789480800,1789441809,1789441809,1789441809,1789446728,8300,1,0649086388,0,1,0,310,2026-09-15 03:10:09,2026-09-15 14:00:00,2026-09-15 03:10:09,2026-09-15 03:10:09,2026-09-15 03:10:09,2026-09-15 04:32:08
8047595708920,100.7434,32.9289,100.7429,32.9285,1789441281,0,0,0,0,1789441281,6000,1,0613329616,1,0,0,117,2026-09-15 03:01:21,,,,,2026-09-15 03:01:21
8047595707465,99.6488,33.758,99.6488,33.758,1789441309,0,0,0,0,1789441309,1000,1,0600882909,1,0,0,296,2026-09-15 03:01:49,,,,,2026-09-15 03:01:49
8047595838720,100.229,34.4685,100.229,34.4685,1789438274,0,0,0,0,1789438274,960,1,0757590820,1,0,0,136,2026-09-15 02:11:14,,,,,2026-09-15 02:11:14
6047595933165,100.2301,34.4703,100.2301,34.4703,1789433622,1789444800,1789433623,1789433623,1789433623,0,1000,2,\\N,0,0,0,0,2026-09-15 00:53:42,2026-09-15 04:00:00,2026-09-15 00:53:43,2026-09-15 00:53:43,2026-09-15 00:53:43,
6047595939786,100.2301,34.4703,100.2301,34.4703,1789433311,1789452000,1789433311,1789433311,1789433311,0,10,2,\\N,0,0,0,0,2026-09-15 00:48:31,2026-09-15 06:00:00,2026-09-15 00:48:31,2026-09-15 00:48:31,2026-09-15 00:48:31,
6047595939885,100.2301,34.4703,100.2301,34.4703,1789433309,1789452000,1789433309,1789433309,1789433309,1789442700,2100,1,0752242651,0,1,1,170,2026-09-15 00:48:29,2026-09-15 06:00:00,2026-09-15 00:48:29,2026-09-15 00:48:29,2026-09-15 00:48:29,2026-09-15 03:25:00
6047595829999,100.738,32.9324,100.738,32.9324,1789441808,1789480800,1789441808,1789441808,1789441808,1789443900,2200,1,0649086388,0,1,0,163,2026-09-15 03:10:08,2026-09-15 14:00:00,2026-09-15 03:10:08,2026-09-15 03:10:08,2026-09-15 03:10:08,2026-09-15 03:45:00
6047595842620,99.651,33.7539,99.651,33.7539,1789435087,1789447500,1789435087,1789435087,1789435087,1789440549,1000,1,0750298548,0,1,0,150,2026-09-15 01:18:07,2026-09-15 04:45:00,2026-09-15 01:18:07,2026-09-15 01:18:07,2026-09-15 01:18:07,2026-09-15 02:49:09
6047595830022,100.738,32.9324,100.738,32.9324,1789441806,1789464600,1789441806,1789441806,1789441806,1789446944,1000,1,0649086388,0,1,0,194,2026-09-15 03:10:06,2026-09-15 09:30:00,2026-09-15 03:10:06,2026-09-15 03:10:06,2026-09-15 03:10:06,2026-09-15 04:35:44
6047595827761,100.738,32.9324,100.738,32.9324,1789442123,1789464600,1789442123,1789442123,1789442123,1789456875,272000,1,0613329616,0,1,1,66,2026-09-15 03:15:23,2026-09-15 09:30:00,2026-09-15 03:15:23,2026-09-15 03:15:23,2026-09-15 03:15:23,2026-09-15 07:21:15
6047595829962,100.738,32.9324,100.738,32.9324,1789441811,1789464600,1789441811,1789441811,1789441811,1789454104,12500,1,0649086388,0,1,1,361,2026-09-15 03:10:11,2026-09-15 09:30:00,2026-09-15 03:10:11,2026-09-15 03:10:11,2026-09-15 03:10:11,2026-09-15 06:35:04
6047595937627,100.2301,34.4703,100.2301,34.4703,1789433440,1789452000,1789433440,1789433440,1789433440,0,3000,2,\\N,0,0,0,0,2026-09-15 00:50:40,2026-09-15 06:00:00,2026-09-15 00:50:40,2026-09-15 00:50:40,2026-09-15 00:50:40,
6047595944646,100.2301,34.4703,100.2301,34.4703,1789433227,1789452000,1789433227,1789433227,1789433227,1789439792,970,1,0729515412,0,1,0,141,2026-09-15 00:47:07,2026-09-15 06:00:00,2026-09-15 00:47:07,2026-09-15 00:47:07,2026-09-15 00:47:07,2026-09-15 02:36:32
6047596067960,99.651,33.7539,99.651,33.7539,1789430839,1789434411,1789430839,1789430839,1789430839,0,150,2,\\N,0,0,0,0,2026-09-15 00:07:19,2026-09-15 01:06:51,2026-09-15 00:07:19,2026-09-15 00:07:19,2026-09-15 00:07:19,
6047595955202,100.2301,34.4703,100.2301,34.4703,1789432835,1789444800,1789432835,1789432835,1789432835,1789438825,63000,1,0525201215,0,1,0,168,2026-09-15 00:40:35,2026-09-15 04:00:00,2026-09-15 00:40:35,2026-09-15 00:40:35,2026-09-15 00:40:35,2026-09-15 02:20:25
8047595123442,99.6488,33.758,99.6488,33.758,1789459197,0,0,0,0,1789459197,6000,1,0722476819,1,0,0,410,2026-09-15 07:59:57,,,,,2026-09-15 07:59:57
6047595825695,100.738,32.9324,100.738,32.9324,1789442632,1789480800,1789442632,1789442632,1789442632,1789456463,3400,1,0649086388,0,1,1,177,2026-09-15 03:23:52,2026-09-15 14:00:00,2026-09-15 03:23:52,2026-09-15 03:23:52,2026-09-15 03:23:52,2026-09-15 07:14:23
8047595709755,100.7434,32.9289,100.7429,32.9285,1789441275,0,0,0,0,1789441275,1000,1,0613329616,1,0,0,312,2026-09-15 03:01:15,,,,,2026-09-15 03:01:15
6047595827796,100.738,32.9324,100.738,32.9324,1789442120,1789464600,1789442121,1789442121,1789442121,1789456875,272000,1,0613329616,0,1,1,66,2026-09-15 03:15:20,2026-09-15 09:30:00,2026-09-15 03:15:21,2026-09-15 03:15:21,2026-09-15 03:15:21,2026-09-15 07:21:15
6047595842630,99.651,33.7539,99.651,33.7539,1789435086,1789447500,1789435087,1789435087,1789435087,1789440426,6500,1,0750298548,0,1,0,271,2026-09-15 01:18:06,2026-09-15 04:45:00,2026-09-15 01:18:07,2026-09-15 01:18:07,2026-09-15 01:18:07,2026-09-15 02:47:06
6047595952648,100.2301,34.4703,100.2301,34.4703,1789432925,1789444800,1789432926,1789432926,1789432926,1789443161,747000,1,0525201215,0,1,1,1666,2026-09-15 00:42:05,2026-09-15 04:00:00,2026-09-15 00:42:06,2026-09-15 00:42:06,2026-09-15 00:42:06,2026-09-15 03:32:41
6047595842066,99.9047,33.9653,99.9047,33.9653,1789435110,1789447800,1789435110,1789435110,1789435110,1789446509,17500,1,0743559826,0,1,1,498,2026-09-15 01:18:30,2026-09-15 04:50:00,2026-09-15 01:18:30,2026-09-15 01:18:30,2026-09-15 01:18:30,2026-09-15 04:28:29
8047595708851,100.7434,32.9289,100.7429,32.9285,1789441282,0,0,0,0,1789441282,2500,1,0613329616,1,0,0,349,2026-09-15 03:01:22,,,,,2026-09-15 03:01:22
6047595939995,100.2301,34.4703,100.2301,34.4703,1789433321,1789436913,1789433321,1789433321,1789433321,0,1000,2,\\N,0,0,0,0,2026-09-15 00:48:41,2026-09-15 01:48:33,2026-09-15 00:48:41,2026-09-15 00:48:41,2026-09-15 00:48:41,
6047595942910,100.2301,34.4703,100.2301,34.4703,1789433276,1789444800,1789433276,1789433276,1789433276,1789437754,1000,1,0729515412,0,1,0,166,2026-09-15 00:47:56,2026-09-15 04:00:00,2026-09-15 00:47:56,2026-09-15 00:47:56,2026-09-15 00:47:56,2026-09-15 02:02:34
6047595890751,100.2301,34.4703,100.2301,34.4703,1789436223,1789444800,1789443150,1789443150,1789443150,0,1000,2,\\N,0,0,0,0,2026-09-15 01:37:03,2026-09-15 04:00:00,2026-09-15 03:32:30,2026-09-15 03:32:30,2026-09-15 03:32:30,
6047595827787,100.738,32.9324,100.738,32.9324,1789442121,1789464600,1789442121,1789442121,1789442121,1789456875,272000,1,0613329616,0,1,1,66,2026-09-15 03:15:21,2026-09-15 09:30:00,2026-09-15 03:15:21,2026-09-15 03:15:21,2026-09-15 03:15:21,2026-09-15 07:21:15
6047595842055,99.9047,33.9653,99.9047,33.9653,1789435110,1789452000,1789435110,1789435110,1789435110,1789441498,2400,1,0743559826,0,1,0,184,2026-09-15 01:18:30,2026-09-15 06:00:00,2026-09-15 01:18:30,2026-09-15 01:18:30,2026-09-15 01:18:30,2026-09-15 03:04:58
6047595842033,99.9047,33.9653,99.9047,33.9653,1789435111,1789444800,1789435111,1789435111,1789435111,1789461529,1800,1,0743559826,0,0,1,190,2026-09-15 01:18:31,2026-09-15 04:00:00,2026-09-15 01:18:31,2026-09-15 01:18:31,2026-09-15 01:18:31,2026-09-15 08:38:49
6047595940303,100.2301,34.4703,100.2301,34.4703,1789433383,1789452000,1789433383,1789433383,1789433383,0,1300,2,\\N,0,0,0,0,2026-09-15 00:49:43,2026-09-15 06:00:00,2026-09-15 00:49:43,2026-09-15 00:49:43,2026-09-15 00:49:43,
6047595842078,99.9047,33.9653,99.9047,33.9653,1789435110,1789452000,1789435110,1789435110,1789435110,1789438281,1200,1,0743559826,0,1,0,161,2026-09-15 01:18:30,2026-09-15 06:00:00,2026-09-15 01:18:30,2026-09-15 01:18:30,2026-09-15 01:18:30,2026-09-15 02:11:21
6047595822363,100.2301,34.4703,100.2301,34.4703,1789444458,1789464600,1789444458,1789444458,1789444458,1789447361,11000,1,0525201215,0,1,0,194,2026-09-15 03:54:18,2026-09-15 09:30:00,2026-09-15 03:54:18,2026-09-15 03:54:18,2026-09-15 03:54:18,2026-09-15 04:42:41
6047595940182,100.2301,34.4703,100.2301,34.4703,1789433315,1789444800,1789433315,1789433315,1789433315,1789442932,1000,1,0573276138,0,1,1,147,2026-09-15 00:48:35,2026-09-15 04:00:00,2026-09-15 00:48:35,2026-09-15 00:48:35,2026-09-15 00:48:35,2026-09-15 03:28:52
6047595826906,98.2098,34.9116,98.2098,34.9116,1789441996,1789452000,1789441996,1789441996,1789441996,1789445489,630,1,0751983537,0,1,0,149,2026-09-15 03:13:16,2026-09-15 06:00:00,2026-09-15 03:13:16,2026-09-15 03:13:16,2026-09-15 03:13:16,2026-09-15 04:11:29
6047595844502,99.9047,33.9653,99.9047,33.9653,1789434964,1789444800,1789434964,1789434964,1789434964,1789461599,2800,1,0745296255,0,0,1,199,2026-09-15 01:16:04,2026-09-15 04:00:00,2026-09-15 01:16:04,2026-09-15 01:16:04,2026-09-15 01:16:04,2026-09-15 08:39:59
6047595851952,100.6256,33.7266,100.6256,33.7266,1789434378,1789444800,1789434378,1789434378,1789434378,1789437556,4600,1,0678203599,0,1,0,233,2026-09-15 01:06:18,2026-09-15 04:00:00,2026-09-15 01:06:18,2026-09-15 01:06:18,2026-09-15 01:06:18,2026-09-15 01:59:16
6047595828433,98.2098,34.9116,98.2098,34.9116,1789442099,1789454400,1789442099,1789442099,1789442099,0,1000,2,\\N,0,0,0,0,2026-09-15 03:14:59,2026-09-15 06:40:00,2026-09-15 03:14:59,2026-09-15 03:14:59,2026-09-15 03:14:59,
6047595829998,100.738,32.9324,100.738,32.9324,1789441808,1789464600,1789441808,1789441808,1789441808,1789459896,1000,1,0649086388,0,1,1,169,2026-09-15 03:10:08,2026-09-15 09:30:00,2026-09-15 03:10:08,2026-09-15 03:10:08,2026-09-15 03:10:08,2026-09-15 08:11:36
6047595842009,99.9047,33.9653,99.9047,33.9653,1789435112,1789452000,1789435112,1789435112,1789435112,1789441518,5800,1,0743559826,0,1,0,238,2026-09-15 01:18:32,2026-09-15 06:00:00,2026-09-15 01:18:32,2026-09-15 01:18:32,2026-09-15 01:18:32,2026-09-15 03:05:18
6047595938579,100.2301,34.4703,100.2301,34.4703,1789433490,1789452000,1789433490,1789433490,1789433490,0,250,2,\\N,0,0,0,0,2026-09-15 00:51:30,2026-09-15 06:00:00,2026-09-15 00:51:30,2026-09-15 00:51:30,2026-09-15 00:51:30,
6047595842540,99.651,33.7539,99.651,33.7539,1789435089,1789448700,1789435089,1789435089,1789435089,1789445331,1000,1,0750298548,0,1,1,175,2026-09-15 01:18:09,2026-09-15 05:05:00,2026-09-15 01:18:09,2026-09-15 01:18:09,2026-09-15 01:18:09,2026-09-15 04:08:51
6047595839103,100.6256,33.7266,100.6256,33.7266,1789435173,1789466400,1789435173,1789435173,1789435173,1789464507,64500,1,0678203599,0,1,1,1206,2026-09-15 01:19:33,2026-09-15 10:00:00,2026-09-15 01:19:33,2026-09-15 01:19:33,2026-09-15 01:19:33,2026-09-15 09:28:27
6047595851390,100.6256,33.7266,100.6256,33.7266,1789434382,1789444800,1789434382,1789434382,1789434382,1789437244,14500,1,0678203599,0,1,0,198,2026-09-15 01:06:22,2026-09-15 04:00:00,2026-09-15 01:06:22,2026-09-15 01:06:22,2026-09-15 01:06:22,2026-09-15 01:54:04
8047595430365,100.229,34.4685,100.229,34.4685,1789451682,0,0,0,0,1789451682,1000,1,0757590820,1,0,0,143,2026-09-15 05:54:42,,,,,2026-09-15 05:54:42
6047595937610,100.2301,34.4703,100.2301,34.4703,1789433441,1789452000,1789433441,1789433441,1789433441,1789436649,960,1,0731669509,0,1,0,132,2026-09-15 00:50:41,2026-09-15 06:00:00,2026-09-15 00:50:41,2026-09-15 00:50:41,2026-09-15 00:50:41,2026-09-15 01:44:09
8047595054582,100.2291,34.4684,100.229,34.4685,1789460954,0,0,0,0,1789460954,1000,1,0586643499,1,0,0,239,2026-09-15 08:29:14,,,,,2026-09-15 08:29:14
6047595940174,100.2301,34.4703,100.2301,34.4703,1789433315,1789436785,1789433315,1789433315,1789433315,0,400,2,\\N,0,0,0,0,2026-09-15 00:48:35,2026-09-15 01:46:25,2026-09-15 00:48:35,2026-09-15 00:48:35,2026-09-15 00:48:35,
6047595828587,98.2098,34.9116,98.2098,34.9116,1789442069,1789454400,1789442069,1789442069,1789442069,1789446354,1000,1,0751983537,0,1,0,157,2026-09-15 03:14:29,2026-09-15 06:40:00,2026-09-15 03:14:29,2026-09-15 03:14:29,2026-09-15 03:14:29,2026-09-15 04:25:54
6047595829222,99.651,33.7539,99.651,33.7539,1789441476,1789445069,1789441476,1789441476,1789441476,1789449740,3000,1,0755146964,0,0,1,240,2026-09-15 03:04:36,2026-09-15 04:04:29,2026-09-15 03:04:36,2026-09-15 03:04:36,2026-09-15 03:04:36,2026-09-15 05:22:20
6047595839032,99.651,33.7539,99.651,33.7539,1789435176,1789438758,1789435176,1789435176,1789435176,1789444192,2600,1,0750298548,0,0,1,196,2026-09-15 01:19:36,2026-09-15 02:19:18,2026-09-15 01:19:36,2026-09-15 01:19:36,2026-09-15 01:19:36,2026-09-15 03:49:52
8047595445119,100.7434,32.9289,100.7429,32.9285,1789448255,0,0,0,0,1789448255,27500,1,0613329616,1,0,0,714,2026-09-15 04:57:35,,,,,2026-09-15 04:57:35
6047595821245,100.2301,34.4703,100.2301,34.4703,1789443900,1789464600,1789443900,1789443900,1789443900,1789446984,3800,1,0475824345,0,1,0,202,2026-09-15 03:45:00,2026-09-15 09:30:00,2026-09-15 03:45:00,2026-09-15 03:45:00,2026-09-15 03:45:00,2026-09-15 04:36:24
6047595815593,99.651,33.7539,99.651,33.7539,1789447457,1789459200,1789447457,1789447457,1789447457,1789447478,1800,1,0722476819,0,1,0,172,2026-09-15 04:44:17,2026-09-15 08:00:00,2026-09-15 04:44:17,2026-09-15 04:44:17,2026-09-15 04:44:17,2026-09-15 04:44:38
6047595826900,98.2098,34.9116,98.2098,34.9116,1789441998,1789452000,1789441998,1789441998,1789441998,1789447802,270,1,0751983537,0,1,0,135,2026-09-15 03:13:18,2026-09-15 06:00:00,2026-09-15 03:13:18,2026-09-15 03:13:18,2026-09-15 03:13:18,2026-09-15 04:50:02
6047595950440,99.9047,33.9653,99.9047,33.9653,1789432954,1789447800,1789432954,1789432954,1789432954,1789433990,2050000,1,0745296255,0,1,0,252,2026-09-15 00:42:34,2026-09-15 04:50:00,2026-09-15 00:42:34,2026-09-15 00:42:34,2026-09-15 00:42:34,2026-09-15 00:59:50
6047595852610,100.2301,34.4703,100.2301,34.4703,1789434473,1789444800,1789434473,1789434473,1789434473,1789441354,4700,1,0573276138,0,1,0,235,2026-09-15 01:07:53,2026-09-15 04:00:00,2026-09-15 01:07:53,2026-09-15 01:07:53,2026-09-15 01:07:53,2026-09-15 03:02:34
6047595819078,100.2301,34.4703,100.2301,34.4703,1789445017,1789480800,1789445636,1789445636,1789445636,1789452392,660,1,0573276138,0,1,0,132,2026-09-15 04:03:37,2026-09-15 14:00:00,2026-09-15 04:13:56,2026-09-15 04:13:56,2026-09-15 04:13:56,2026-09-15 06:06:32
8047595243846,99.6488,33.758,99.6488,33.758,1789455755,0,0,0,0,1789455755,1000,1,0600882909,1,0,0,305,2026-09-15 07:02:35,,,,,2026-09-15 07:02:35
6047595820333,100.2301,34.4703,100.2301,34.4703,1789445599,1789480800,1789445599,1789445599,1789445599,1789450245,170,1,0586643499,0,1,0,117,2026-09-15 04:13:19,2026-09-15 14:00:00,2026-09-15 04:13:19,2026-09-15 04:13:19,2026-09-15 04:13:19,2026-09-15 05:30:45
6047595792194,99.651,33.7539,99.651,33.7539,1789438743,1789442337,1789438743,1789438743,1789438743,1789440819,2200,1,0722476819,0,1,0,197,2026-09-15 02:19:03,2026-09-15 03:18:57,2026-09-15 02:19:03,2026-09-15 02:19:03,2026-09-15 02:19:03,2026-09-15 02:53:39
8047595123335,99.6488,33.758,99.6488,33.758,1789459199,0,0,0,0,1789459199,1000,1,0722476819,1,0,0,312,2026-09-15 07:59:59,,,,,2026-09-15 07:59:59
6047595820366,100.2301,34.4703,100.2301,34.4703,1789445577,1789464600,1789445577,1789445577,1789445577,1789454272,200,1,0586643499,0,1,1,166,2026-09-15 04:12:57,2026-09-15 09:30:00,2026-09-15 04:12:57,2026-09-15 04:12:57,2026-09-15 04:12:57,2026-09-15 06:37:52
6047595955433,100.2301,34.4703,100.2301,34.4703,1789432851,1789452000,1789432851,1789432851,1789432851,1789442797,6700,1,0731669509,0,1,1,238,2026-09-15 00:40:51,2026-09-15 06:00:00,2026-09-15 00:40:51,2026-09-15 00:40:51,2026-09-15 00:40:51,2026-09-15 03:26:37
6047595845998,99.651,33.7539,99.651,33.7539,1789434757,1789447500,1789434757,1789434757,1789434757,1789447452,1000,1,0722476819,0,1,1,166,2026-09-15 01:12:37,2026-09-15 04:45:00,2026-09-15 01:12:37,2026-09-15 01:12:37,2026-09-15 01:12:37,2026-09-15 04:44:12
6047595842293,99.9047,33.9653,99.9047,33.9653,1789435125,1789447800,1789435125,1789435125,1789435125,1789447940,118000,1,0745296255,0,0,1,334,2026-09-15 01:18:45,2026-09-15 04:50:00,2026-09-15 01:18:45,2026-09-15 01:18:45,2026-09-15 01:18:45,2026-09-15 04:52:20
8047595558816,100.2291,34.4684,100.229,34.4685,1789446513,0,0,0,0,1789446513,1000,1,0475840601,1,0,0,239,2026-09-15 04:28:33,,,,,2026-09-15 04:28:33
6047595837880,99.651,33.7539,99.651,33.7539,1789435399,1789452000,1789435399,1789435399,1789435399,1789442746,4600,1,0755146964,0,1,0,233,2026-09-15 01:23:19,2026-09-15 06:00:00,2026-09-15 01:23:19,2026-09-15 01:23:19,2026-09-15 01:23:19,2026-09-15 03:25:46
6047595938047,100.2301,34.4703,100.2301,34.4703,1789433421,1789444800,1789433421,1789433421,1789433421,1789440907,1000,1,0586643499,0,1,0,166,2026-09-15 00:50:21,2026-09-15 04:00:00,2026-09-15 00:50:21,2026-09-15 00:50:21,2026-09-15 00:50:21,2026-09-15 02:55:07
6047595946722,99.9047,33.9653,99.9047,33.9653,1789433141,1789447800,1789433141,1789433141,1789433141,1789433990,2050000,1,0745296255,0,1,0,252,2026-09-15 00:45:41,2026-09-15 04:50:00,2026-09-15 00:45:41,2026-09-15 00:45:41,2026-09-15 00:45:41,2026-09-15 00:59:50
6047595938533,100.2301,34.4703,100.2301,34.4703,1789433492,1789452000,1789433492,1789433492,1789433492,1789443403,500,1,0573276138,0,1,1,117,2026-09-15 00:51:32,2026-09-15 06:00:00,2026-09-15 00:51:32,2026-09-15 00:51:32,2026-09-15 00:51:32,2026-09-15 03:36:43
6047595944363,100.2301,34.4703,100.2301,34.4703,1789433220,1789452000,1789433220,1789433220,1789433220,1789441466,4600,1,0729515412,0,1,1,233,2026-09-15 00:47:00,2026-09-15 06:00:00,2026-09-15 00:47:00,2026-09-15 00:47:00,2026-09-15 00:47:00,2026-09-15 03:04:26
6047595837924,99.651,33.7539,99.651,33.7539,1789435396,1789447500,1789435396,1789435396,1789435396,1789440255,6000,1,0755146964,0,1,0,243,2026-09-15 01:23:16,2026-09-15 04:45:00,2026-09-15 01:23:16,2026-09-15 01:23:16,2026-09-15 01:23:16,2026-09-15 02:44:15
6047595841985,99.9047,33.9653,99.9047,33.9653,1789435112,1789452000,1789435112,1789435112,1789435112,0,3000,2,\\N,0,0,0,0,2026-09-15 01:18:32,2026-09-15 06:00:00,2026-09-15 01:18:32,2026-09-15 01:18:32,2026-09-15 01:18:32,
8047595558977,100.2291,34.4684,100.229,34.4685,1789446511,0,0,0,0,1789446511,1000,1,0475840601,1,0,0,370,2026-09-15 04:28:31,,,,,2026-09-15 04:28:31
6047595944795,100.2301,34.4703,100.2301,34.4703,1789433221,1789444800,1789433221,1789433221,1789433221,1789440534,1600,1,0729515412,0,1,0,131,2026-09-15 00:47:01,2026-09-15 04:00:00,2026-09-15 00:47:01,2026-09-15 00:47:01,2026-09-15 00:47:01,2026-09-15 02:48:54
6047595837845,99.651,33.7539,99.651,33.7539,1789435405,1789452300,1789435405,1789435405,1789435405,1789438336,8100,1,0755146964,0,1,0,298,2026-09-15 01:23:25,2026-09-15 06:05:00,2026-09-15 01:23:25,2026-09-15 01:23:25,2026-09-15 01:23:25,2026-09-15 02:12:16
8047595639017,99.6488,33.758,99.6488,33.758,1789442933,0,0,0,0,1789442933,1000,1,0600882909,1,0,0,283,2026-09-15 03:28:53,,,,,2026-09-15 03:28:53
8047595561685,100.2291,34.4684,100.229,34.4685,1789446509,0,0,0,0,1789446509,1000,1,0475840601,1,0,0,239,2026-09-15 04:28:29,,,,,2026-09-15 04:28:29
6047595944665,100.2301,34.4703,100.2301,34.4703,1789433226,1789452000,1789433226,1789433226,1789433226,1789441299,1000,1,0729515412,0,1,1,149,2026-09-15 00:47:06,2026-09-15 06:00:00,2026-09-15 00:47:06,2026-09-15 00:47:06,2026-09-15 00:47:06,2026-09-15 03:01:39
6047595819065,100.2301,34.4703,100.2301,34.4703,1789445017,1789480800,1789445017,1789445017,1789445017,1789451664,510,1,0731669509,0,1,0,132,2026-09-15 04:03:37,2026-09-15 14:00:00,2026-09-15 04:03:37,2026-09-15 04:03:37,2026-09-15 04:03:37,2026-09-15 05:54:24
6047595954780,100.2301,34.4703,100.2301,34.4703,1789432853,1789444800,1789434048,1789434048,1789434048,1789438825,63000,1,0525201215,0,1,0,168,2026-09-15 00:40:53,2026-09-15 04:00:00,2026-09-15 01:00:48,2026-09-15 01:00:48,2026-09-15 01:00:48,2026-09-15 02:20:25
8047595123862,99.6488,33.758,99.6488,33.758,1789459190,0,0,0,0,1789459190,3500,1,0722476819,1,0,0,327,2026-09-15 07:59:50,,,,,2026-09-15 07:59:50
6047595829983,100.738,32.9324,100.738,32.9324,1789441809,1789480800,1789441809,1789441809,1789441809,1789445066,1800,1,0649086388,0,1,0,172,2026-09-15 03:10:09,2026-09-15 14:00:00,2026-09-15 03:10:09,2026-09-15 03:10:09,2026-09-15 03:10:09,2026-09-15 04:04:26
6047595822407,100.2301,34.4703,100.2301,34.4703,1789444419,1789464600,1789444419,1789444419,1789444419,1789448425,44500,1,0525201215,0,1,0,435,2026-09-15 03:53:39,2026-09-15 09:30:00,2026-09-15 03:53:39,2026-09-15 03:53:39,2026-09-15 03:53:39,2026-09-15 05:00:25
6047595844500,99.9047,33.9653,99.9047,33.9653,1789434964,1789452000,1789434964,1789434964,1789434964,1789441567,450,1,0745296255,0,1,0,117,2026-09-15 01:16:04,2026-09-15 06:00:00,2026-09-15 01:16:04,2026-09-15 01:16:04,2026-09-15 01:16:04,2026-09-15 03:06:07
6047595628646,98.2098,34.9116,98.2098,34.9116,1789471289,1789474877,1789471289,1789471289,1789471289,1789472519,1000,1,0751983537,0,1,0,157,2026-09-15 11:21:29,2026-09-15 12:21:17,2026-09-15 11:21:29,2026-09-15 11:21:29,2026-09-15 11:21:29,2026-09-15 11:41:59
6047595933281,100.2301,34.4703,100.2301,34.4703,1789433619,1789444800,1789433619,1789433619,1789433619,1789436563,40,1,0573276138,0,1,0,117,2026-09-15 00:53:39,2026-09-15 04:00:00,2026-09-15 00:53:39,2026-09-15 00:53:39,2026-09-15 00:53:39,2026-09-15 01:42:43
6047595820476,100.2301,34.4703,100.2301,34.4703,1789444001,1789464600,1789444001,1789444001,1789444001,1789447126,4500,1,0475824345,0,1,0,212,2026-09-15 03:46:41,2026-09-15 09:30:00,2026-09-15 03:46:41,2026-09-15 03:46:41,2026-09-15 03:46:41,2026-09-15 04:38:46
6047595949598,100.2301,34.4703,100.2301,34.4703,1789432965,1789452000,1789432965,1789432965,1789432965,0,620,2,\\N,0,0,0,0,2026-09-15 00:42:45,2026-09-15 06:00:00,2026-09-15 00:42:45,2026-09-15 00:42:45,2026-09-15 00:42:45,
6047595651866,98.2098,34.9116,98.2098,34.9116,1789455703,1789459299,1789455703,1789455703,1789455703,1789455716,1000,1,0751983537,0,1,0,147,2026-09-15 07:01:43,2026-09-15 08:01:39,2026-09-15 07:01:43,2026-09-15 07:01:43,2026-09-15 07:01:43,2026-09-15 07:01:56
6047595827785,100.738,32.9324,100.738,32.9324,1789442121,1789464600,1789442121,1789442121,1789442121,1789456875,272000,1,0613329616,0,1,1,66,2026-09-15 03:15:21,2026-09-15 09:30:00,2026-09-15 03:15:21,2026-09-15 03:15:21,2026-09-15 03:15:21,2026-09-15 07:21:15
6047595837881,99.651,33.7539,99.651,33.7539,1789435399,1789452000,1789435399,1789435399,1789435399,1789442245,1800,1,0755146964,0,1,0,181,2026-09-15 01:23:19,2026-09-15 06:00:00,2026-09-15 01:23:19,2026-09-15 01:23:19,2026-09-15 01:23:19,2026-09-15 03:17:25
8047595100575,99.9047,33.9653,99.9045,33.9651,1789461271,0,0,0,0,1789461271,1000,1,0743559826,1,0,0,239,2026-09-15 08:34:31,,,,,2026-09-15 08:34:31
6047595955415,100.2301,34.4703,100.2301,34.4703,1789432851,1789444800,1789432851,1789432851,1789432851,1789438779,14000,1,0731669509,0,1,0,398,2026-09-15 00:40:51,2026-09-15 04:00:00,2026-09-15 00:40:51,2026-09-15 00:40:51,2026-09-15 00:40:51,2026-09-15 02:19:39
6047595821882,100.2301,34.4703,100.2301,34.4703,1789444830,1789480800,1789444830,1789444830,1789444830,1789461309,1000,1,0729515412,0,1,1,149,2026-09-15 04:00:30,2026-09-15 14:00:00,2026-09-15 04:00:30,2026-09-15 04:00:30,2026-09-15 04:00:30,2026-09-15 08:35:09
6047595767696,98.2098,34.9116,98.2098,34.9116,1789440829,1789454400,1789440829,1789440829,1789440829,0,3000,2,\\N,0,0,0,0,2026-09-15 02:53:49,2026-09-15 06:40:00,2026-09-15 02:53:49,2026-09-15 02:53:49,2026-09-15 02:53:49,
6047595841339,99.651,33.7539,99.651,33.7539,1789435068,1789447500,1789435068,1789435068,1789435068,1789447457,1000,1,0756924451,0,1,1,166,2026-09-15 01:17:48,2026-09-15 04:45:00,2026-09-15 01:17:48,2026-09-15 01:17:48,2026-09-15 01:17:48,2026-09-15 04:44:17
6047595931672,100.2301,34.4703,100.2301,34.4703,1789433691,1789444800,1789433691,1789433691,1789433691,1789436686,1000,1,0731669509,0,1,0,147,2026-09-15 00:54:51,2026-09-15 04:00:00,2026-09-15 00:54:51,2026-09-15 00:54:51,2026-09-15 00:54:51,2026-09-15 01:44:46
8047595559038,100.2291,34.4684,100.229,34.4685,1789446510,0,0,0,0,1789446510,1000,1,0475840601,1,0,0,239,2026-09-15 04:28:30,,,,,2026-09-15 04:28:30
6047595837863,99.651,33.7539,99.651,33.7539,1789435402,1789452000,1789435402,1789435402,1789435402,1789444256,930,1,0755146964,0,1,1,135,2026-09-15 01:23:22,2026-09-15 06:00:00,2026-09-15 01:23:22,2026-09-15 01:23:22,2026-09-15 01:23:22,2026-09-15 03:50:56
6047595944044,100.2301,34.4703,100.2301,34.4703,1789433145,1789452000,1789433145,1789433145,1789433145,1789439323,3900,1,0475824345,0,1,0,201,2026-09-15 00:45:45,2026-09-15 06:00:00,2026-09-15 00:45:45,2026-09-15 00:45:45,2026-09-15 00:45:45,2026-09-15 02:28:43
6047595820324,100.2301,34.4703,100.2301,34.4703,1789445601,1789480800,1789445601,1789445601,1789445601,1789454965,1600,1,0586643499,0,1,1,160,2026-09-15 04:13:21,2026-09-15 14:00:00,2026-09-15 04:13:21,2026-09-15 04:13:21,2026-09-15 04:13:21,2026-09-15 06:49:25
6047595842703,99.9047,33.9653,99.9047,33.9653,1789435107,1789452000,1789435107,1789435107,1789435107,1789461206,600,1,0743559826,0,0,1,158,2026-09-15 01:18:27,2026-09-15 06:00:00,2026-09-15 01:18:27,2026-09-15 01:18:27,2026-09-15 01:18:27,2026-09-15 08:33:26
8047594974306,100.2291,34.4684,100.229,34.4685,1789464470,0,0,0,0,1789464470,1500,1,0757590820,1,0,0,239,2026-09-15 09:27:50,,,,,2026-09-15 09:27:50
6047595827733,100.738,32.9324,100.738,32.9324,1789442125,1789464600,1789442125,1789442125,1789442125,1789456875,272000,1,0613329616,0,1,1,66,2026-09-15 03:15:25,2026-09-15 09:30:00,2026-09-15 03:15:25,2026-09-15 03:15:25,2026-09-15 03:15:25,2026-09-15 07:21:15
6047595841380,99.651,33.7539,99.651,33.7539,1789435065,1789447500,1789435065,1789435065,1789435065,1789465273,1000,1,0756924451,0,0,1,166,2026-09-15 01:17:45,2026-09-15 04:45:00,2026-09-15 01:17:45,2026-09-15 01:17:45,2026-09-15 01:17:45,2026-09-15 09:41:13
6047595943991,100.2301,34.4703,100.2301,34.4703,1789433147,1789452000,1789433148,1789433148,1789433148,1789435390,2900,1,0475824345,0,1,0,183,2026-09-15 00:45:47,2026-09-15 06:00:00,2026-09-15 00:45:48,2026-09-15 00:45:48,2026-09-15 00:45:48,2026-09-15 01:23:10
6047595842237,99.9047,33.9653,99.9047,33.9653,1789435130,1789447800,1789435130,1789435130,1789435130,1789447940,118000,1,0745296255,0,0,1,334,2026-09-15 01:18:50,2026-09-15 04:50:00,2026-09-15 01:18:50,2026-09-15 01:18:50,2026-09-15 01:18:50,2026-09-15 04:52:20
8047595561691,100.2291,34.4684,100.229,34.4685,1789446509,0,0,0,0,1789446509,1000,1,0475840601,1,0,0,239,2026-09-15 04:28:29,,,,,2026-09-15 04:28:29
6047595942569,100.2301,34.4703,100.2301,34.4703,1789433306,1789444800,1789433306,1789433306,1789433306,0,2000,2,\\N,0,0,0,0,2026-09-15 00:48:26,2026-09-15 04:00:00,2026-09-15 00:48:26,2026-09-15 00:48:26,2026-09-15 00:48:26,
6047595819057,100.2301,34.4703,100.2301,34.4703,1789445023,1789480800,1789445023,1789445023,1789445023,1789451338,11500,1,0731669509,0,1,0,349,2026-09-15 04:03:43,2026-09-15 14:00:00,2026-09-15 04:03:43,2026-09-15 04:03:43,2026-09-15 04:03:43,2026-09-15 05:48:58
8047594707282,99.6488,33.758,99.6488,33.758,1789471580,0,0,0,0,1789471580,1000,1,0600882909,1,0,0,312,2026-09-15 11:26:20,,,,,2026-09-15 11:26:20
6047595846070,99.651,33.7539,99.651,33.7539,1789434860,1789452000,1789434860,1789434860,1789434860,0,4000,2,\\N,0,0,0,0,2026-09-15 01:14:20,2026-09-15 06:00:00,2026-09-15 01:14:20,2026-09-15 01:14:20,2026-09-15 01:14:20,
6047595821823,100.2301,34.4703,100.2301,34.4703,1789444906,1789452000,1789444906,1789444906,1789444906,0,5600,2,\\N,0,0,0,0,2026-09-15 04:01:46,2026-09-15 06:00:00,2026-09-15 04:01:46,2026-09-15 04:01:46,2026-09-15 04:01:46,
6047595829979,100.738,32.9324,100.738,32.9324,1789441809,1789480800,1789441809,1789441809,1789441809,1789447284,10000,1,0649086388,0,1,0,161,2026-09-15 03:10:09,2026-09-15 14:00:00,2026-09-15 03:10:09,2026-09-15 03:10:09,2026-09-15 03:10:09,2026-09-15 04:41:24
6047595842559,99.651,33.7539,99.651,33.7539,1789435088,1789452000,1789435088,1789435088,1789435088,0,2000,2,\\N,0,0,0,0,2026-09-15 01:18:08,2026-09-15 06:00:00,2026-09-15 01:18:08,2026-09-15 01:18:08,2026-09-15 01:18:08,
6047595837942,99.651,33.7539,99.651,33.7539,1789435396,1789447500,1789435396,1789435396,1789435396,1789440208,6300,1,0755146964,0,1,0,283,2026-09-15 01:23:16,2026-09-15 04:45:00,2026-09-15 01:23:16,2026-09-15 01:23:16,2026-09-15 01:23:16,2026-09-15 02:43:28
8047595306854,100.2291,34.4684,100.229,34.4685,1789455869,0,0,0,0,1789455869,1000,1,0475840601,1,0,0,239,2026-09-15 07:04:29,,,,,2026-09-15 07:04:29
6047595842629,99.651,33.7539,99.651,33.7539,1789435086,1789448700,1789435086,1789435086,1789435086,1789447483,1000,1,0750298548,0,1,1,175,2026-09-15 01:18:06,2026-09-15 05:05:00,2026-09-15 01:18:06,2026-09-15 01:18:06,2026-09-15 01:18:06,2026-09-15 04:44:43
6047595837928,99.651,33.7539,99.651,33.7539,1789435396,1789438953,1789435396,1789435396,1789435396,1789447738,380,1,0755146964,0,0,1,117,2026-09-15 01:23:16,2026-09-15 02:22:33,2026-09-15 01:23:16,2026-09-15 01:23:16,2026-09-15 01:23:16,2026-09-15 04:48:58
6047595821271,100.2301,34.4703,100.2301,34.4703,1789443888,1789464600,1789443888,1789443888,1789443888,1789446945,1000,1,0475824345,0,1,0,157,2026-09-15 03:44:48,2026-09-15 09:30:00,2026-09-15 03:44:48,2026-09-15 03:44:48,2026-09-15 03:44:48,2026-09-15 04:35:45
6047595819936,100.2301,34.4703,100.2301,34.4703,1789445536,1789464600,1789445536,1789445536,1789445536,1789453635,13500,1,0586643499,0,1,1,401,2026-09-15 04:12:16,2026-09-15 09:30:00,2026-09-15 04:12:16,2026-09-15 04:12:16,2026-09-15 04:12:16,2026-09-15 06:27:15
8047595635162,99.6488,33.758,99.6488,33.758,1789444644,0,0,0,0,1789444644,1500,1,0600882909,1,0,0,388,2026-09-15 03:57:24,,,,,2026-09-15 03:57:24
6047595837943,99.651,33.7539,99.651,33.7539,1789435395,1789447500,1789435395,1789435395,1789435395,1789445602,1000,1,0755146964,0,1,1,175,2026-09-15 01:23:15,2026-09-15 04:45:00,2026-09-15 01:23:15,2026-09-15 01:23:15,2026-09-15 01:23:15,2026-09-15 04:13:22
6047595845571,99.651,33.7539,99.651,33.7539,1789434753,1789447500,1789453117,1789453117,1789453117,1789453140,1000,1,0755146964,0,0,1,138,2026-09-15 01:12:33,2026-09-15 04:45:00,2026-09-15 06:18:37,2026-09-15 06:18:37,2026-09-15 06:18:37,2026-09-15 06:19:00
6047595813924,99.651,33.7539,99.651,33.7539,1789448063,1789451657,1789448063,1789448063,1789448063,1789448158,2900,1,0722476819,0,1,0,201,2026-09-15 04:54:23,2026-09-15 05:54:17,2026-09-15 04:54:23,2026-09-15 04:54:23,2026-09-15 04:54:23,2026-09-15 04:55:58
6047595819073,100.2301,34.4703,100.2301,34.4703,1789445015,1789464600,1789445015,1789445015,1789445015,1789452117,1000,1,0731669509,0,1,0,169,2026-09-15 04:03:35,2026-09-15 09:30:00,2026-09-15 04:03:35,2026-09-15 04:03:35,2026-09-15 04:03:35,2026-09-15 06:01:57
6047595853317,98.2098,34.9116,98.2098,34.9116,1789434269,1789437861,1789434269,1789434269,1789434269,1789434303,1000,1,0751983537,0,1,0,203,2026-09-15 01:04:29,2026-09-15 02:04:21,2026-09-15 01:04:29,2026-09-15 01:04:29,2026-09-15 01:04:29,2026-09-15 01:05:03
6047595848165,100.2301,34.4703,100.2301,34.4703,1789434725,1789452574,1789434725,1789434725,1789434725,0,4000,2,\\N,0,0,0,0,2026-09-15 01:12:05,2026-09-15 06:09:34,2026-09-15 01:12:05,2026-09-15 01:12:05,2026-09-15 01:12:05,
6047595827741,100.738,32.9324,100.738,32.9324,1789442124,1789464600,1789442124,1789442124,1789442124,1789456875,272000,1,0613329616,0,1,1,66,2026-09-15 03:15:24,2026-09-15 09:30:00,2026-09-15 03:15:24,2026-09-15 03:15:24,2026-09-15 03:15:24,2026-09-15 07:21:15
8047595558995,100.2291,34.4684,100.229,34.4685,1789446511,0,0,0,0,1789446511,1000,1,0475840601,1,0,0,239,2026-09-15 04:28:31,,,,,2026-09-15 04:28:31
6047595816478,100.2301,34.4703,100.2301,34.4703,1789446100,1789464600,1789446100,1789446100,1789446100,1789453850,1000,1,0586643499,0,1,0,169,2026-09-15 04:21:40,2026-09-15 09:30:00,2026-09-15 04:21:40,2026-09-15 04:21:40,2026-09-15 04:21:40,2026-09-15 06:30:50
8047594734037,100.7434,32.9289,100.7429,32.9285,1789468481,0,0,0,0,1789468481,1000,1,0613329616,1,0,0,312,2026-09-15 10:34:41,,,,,2026-09-15 10:34:41
6047595865360,100.2301,34.4703,100.2301,34.4703,1789433839,1789452000,1789445877,1789445877,1789445877,1789450804,750,1,0752242651,0,1,1,107,2026-09-15 00:57:19,2026-09-15 06:00:00,2026-09-15 04:17:57,2026-09-15 04:17:57,2026-09-15 04:17:57,2026-09-15 05:40:04
6047595932121,100.2301,34.4703,100.2301,34.4703,1789433777,1789437358,1789433777,1789433777,1789433777,0,153000,2,\\N,0,0,0,0,2026-09-15 00:56:17,2026-09-15 01:55:58,2026-09-15 00:56:17,2026-09-15 00:56:17,2026-09-15 00:56:17,
6047595944036,100.2301,34.4703,100.2301,34.4703,1789433145,1789452000,1789433145,1789433145,1789433145,1789437358,2700,1,0475824345,0,1,0,182,2026-09-15 00:45:45,2026-09-15 06:00:00,2026-09-15 00:45:45,2026-09-15 00:45:45,2026-09-15 00:45:45,2026-09-15 01:55:58
6047825856708,99.651,33.7539,99.651,33.7539,1788829774,1788842700,1788829774,1788829774,1788829774,0,1100,2,\\N,0,0,0,0,2026-09-08 01:09:34,2026-09-08 04:45:00,2026-09-08 01:09:34,2026-09-08 01:09:34,2026-09-08 01:09:34,
6047595940204,100.2301,34.4703,100.2301,34.4703,1789433313,1789452000,1789433313,1789433313,1789433313,1789449697,900,1,0752242651,0,1,1,141,2026-09-15 00:48:33,2026-09-15 06:00:00,2026-09-15 00:48:33,2026-09-15 00:48:33,2026-09-15 00:48:33,2026-09-15 05:21:37
6047595944739,100.2301,34.4703,100.2301,34.4703,1789433223,1789452000,1789433223,1789433223,1789433223,1789439300,2200,1,0729515412,0,1,0,194,2026-09-15 00:47:03,2026-09-15 06:00:00,2026-09-15 00:47:03,2026-09-15 00:47:03,2026-09-15 00:47:03,2026-09-15 02:28:20
6047595845510,99.651,33.7539,99.651,33.7539,1789434756,1789452000,1789435741,1789435741,1789435741,1789435791,4200,1,0755146964,0,1,0,217,2026-09-15 01:12:36,2026-09-15 06:00:00,2026-09-15 01:29:01,2026-09-15 01:29:01,2026-09-15 01:29:01,2026-09-15 01:29:51
6047595938548,100.2301,34.4703,100.2301,34.4703,1789433492,1789444800,1789433492,1789433492,1789433492,1789437506,10000,1,0475824345,0,1,0,303,2026-09-15 00:51:32,2026-09-15 04:00:00,2026-09-15 00:51:32,2026-09-15 00:51:32,2026-09-15 00:51:32,2026-09-15 01:58:26
6047595822094,100.2301,34.4703,100.2301,34.4703,1789444296,1789464600,1789444296,1789444296,1789444296,1789449022,1000,1,0475824345,0,1,0,166,2026-09-15 03:51:36,2026-09-15 09:30:00,2026-09-15 03:51:36,2026-09-15 03:51:36,2026-09-15 03:51:36,2026-09-15 05:10:22
6047595830020,100.738,32.9324,100.738,32.9324,1789441806,1789464600,1789441806,1789441806,1789441806,1789445907,1800,1,0649086388,0,1,0,190,2026-09-15 03:10:06,2026-09-15 09:30:00,2026-09-15 03:10:06,2026-09-15 03:10:06,2026-09-15 03:10:06,2026-09-15 04:18:27
6047595842633,99.651,33.7539,99.651,33.7539,1789435086,1789447500,1789435086,1789435086,1789435086,1789447093,1000,1,0750298548,0,1,1,175,2026-09-15 01:18:06,2026-09-15 04:45:00,2026-09-15 01:18:06,2026-09-15 01:18:06,2026-09-15 01:18:06,2026-09-15 04:38:13
6047595938291,100.2301,34.4703,100.2301,34.4703,1789433479,1789452000,1789433479,1789433479,1789433479,1789437315,690,1,0731669509,0,1,0,132,2026-09-15 00:51:19,2026-09-15 06:00:00,2026-09-15 00:51:19,2026-09-15 00:51:19,2026-09-15 00:51:19,2026-09-15 01:55:15
6047595851908,100.6256,33.7266,100.6256,33.7266,1789434382,1789450200,1789434382,1789434382,1789434382,1789437086,68500,1,0678203599,0,1,0,312,2026-09-15 01:06:22,2026-09-15 05:30:00,2026-09-15 01:06:22,2026-09-15 01:06:22,2026-09-15 01:06:22,2026-09-15 01:51:26
6047595819085,100.2301,34.4703,100.2301,34.4703,1789445014,1789480800,1789445014,1789445014,1789445014,1789450206,1200,1,0731669509,0,1,0,153,2026-09-15 04:03:34,2026-09-15 14:00:00,2026-09-15 04:03:34,2026-09-15 04:03:34,2026-09-15 04:03:34,2026-09-15 05:30:06
6047595839041,99.651,33.7539,99.651,33.7539,1789435175,1789438770,1789435175,1789435175,1789435175,1789449436,2400,1,0750298548,0,0,1,192,2026-09-15 01:19:35,2026-09-15 02:19:30,2026-09-15 01:19:35,2026-09-15 01:19:35,2026-09-15 01:19:35,2026-09-15 05:17:16
8047594733959,99.6488,33.758,99.6488,33.758,1789468483,0,0,0,0,1789468483,1000,1,0750298548,1,0,0,365,2026-09-15 10:34:43,,,,,2026-09-15 10:34:43
6047595841386,99.651,33.7539,99.651,33.7539,1789435065,1789447500,1789435065,1789435065,1789435065,0,1000,2,\\N,0,0,0,0,2026-09-15 01:17:45,2026-09-15 04:45:00,2026-09-15 01:17:45,2026-09-15 01:17:45,2026-09-15 01:17:45,
6047595841371,99.651,33.7539,99.651,33.7539,1789435066,1789452000,1789435066,1789435066,1789435066,1789443902,1000,1,0756924451,0,1,1,141,2026-09-15 01:17:46,2026-09-15 06:00:00,2026-09-15 01:17:46,2026-09-15 01:17:46,2026-09-15 01:17:46,2026-09-15 03:45:02
8047595119798,100.246,34.4593,101.4832,33.4229,1789459277,0,0,0,0,1789459277,6400,1,0678203599,1,0,0,287,2026-09-15 08:01:17,,,,,2026-09-15 08:01:17
6047595819056,100.2301,34.4703,100.2301,34.4703,1789445024,1789464600,1789445024,1789445024,1789445024,1789450053,4800,1,0731669509,0,1,0,237,2026-09-15 04:03:44,2026-09-15 09:30:00,2026-09-15 04:03:44,2026-09-15 04:03:44,2026-09-15 04:03:44,2026-09-15 05:27:33
6047595842152,99.9047,33.9653,99.9047,33.9653,1789435108,1789452000,1789435108,1789435108,1789435108,1789437808,1400,1,0743559826,0,1,0,198,2026-09-15 01:18:28,2026-09-15 06:00:00,2026-09-15 01:18:28,2026-09-15 01:18:28,2026-09-15 01:18:28,2026-09-15 02:03:28
6047595821902,100.2301,34.4703,100.2301,34.4703,1789444827,1789464600,1789444827,1789444827,1789444827,1789456169,1000,1,0729515412,0,1,1,147,2026-09-15 04:00:27,2026-09-15 09:30:00,2026-09-15 04:00:27,2026-09-15 04:00:27,2026-09-15 04:00:27,2026-09-15 07:09:29
6047595937971,100.2301,34.4703,100.2301,34.4703,1789433423,1789444800,1789433423,1789433423,1789433423,0,1000,2,\\N,0,0,0,0,2026-09-15 00:50:23,2026-09-15 04:00:00,2026-09-15 00:50:23,2026-09-15 00:50:23,2026-09-15 00:50:23,
8047594734721,100.7434,32.9289,100.7429,32.9285,1789468476,0,0,0,0,1789468476,2500,1,0613329616,1,0,0,218,2026-09-15 10:34:36,,,,,2026-09-15 10:34:36
6047595943984,100.2301,34.4703,100.2301,34.4703,1789433147,1789444800,1789433147,1789433147,1789433147,1789436609,1700,1,0475824345,0,1,0,170,2026-09-15 00:45:47,2026-09-15 04:00:00,2026-09-15 00:45:47,2026-09-15 00:45:47,2026-09-15 00:45:47,2026-09-15 01:43:29
6047595845957,99.651,33.7539,99.651,33.7539,1789434760,1789447500,1789434760,1789434760,1789434760,1789462669,1000,1,0722476819,0,0,1,166,2026-09-15 01:12:40,2026-09-15 04:45:00,2026-09-15 01:12:40,2026-09-15 01:12:40,2026-09-15 01:12:40,2026-09-15 08:57:49
6047595827385,100.738,32.9324,100.738,32.9324,1789441886,1789464600,1789441886,1789441886,1789441886,1789448203,1400,1,0613329616,0,1,0,201,2026-09-15 03:11:26,2026-09-15 09:30:00,2026-09-15 03:11:26,2026-09-15 03:11:26,2026-09-15 03:11:26,2026-09-15 04:56:43
6047595842441,99.651,33.7539,99.651,33.7539,1789435092,1789447500,1789435092,1789435092,1789435092,1789447051,1000,1,0750298548,0,1,1,175,2026-09-15 01:18:12,2026-09-15 04:45:00,2026-09-15 01:18:12,2026-09-15 01:18:12,2026-09-15 01:18:12,2026-09-15 04:37:31
6047595829972,100.738,32.9324,100.738,32.9324,1789441810,1789464600,1789441810,1789441810,1789441810,1789444612,18500,1,0649086388,0,1,0,236,2026-09-15 03:10:10,2026-09-15 09:30:00,2026-09-15 03:10:10,2026-09-15 03:10:10,2026-09-15 03:10:10,2026-09-15 03:56:52
6047595844579,99.9047,33.9653,99.9047,33.9653,1789434960,1789452000,1789434960,1789434960,1789434960,1789463629,5000,1,0745296255,0,0,1,240,2026-09-15 01:16:00,2026-09-15 06:00:00,2026-09-15 01:16:00,2026-09-15 01:16:00,2026-09-15 01:16:00,2026-09-15 09:13:49
6047595842057,99.9047,33.9653,99.9047,33.9653,1789435110,1789444800,1789435110,1789435110,1789435110,1789437520,1000,1,0743559826,0,1,0,212,2026-09-15 01:18:30,2026-09-15 04:00:00,2026-09-15 01:18:30,2026-09-15 01:18:30,2026-09-15 01:18:30,2026-09-15 01:58:40
6047595578879,100.738,32.9324,100.738,32.9324,1789465856,1789469447,1789465856,1789465856,1789465856,1789465908,1000,1,0613329616,0,1,0,175,2026-09-15 09:50:56,2026-09-15 10:50:47,2026-09-15 09:50:56,2026-09-15 09:50:56,2026-09-15 09:50:56,2026-09-15 09:51:48
6047595842149,99.9047,33.9653,99.9047,33.9653,1789435108,1789452000,1789435108,1789435108,1789435108,1789438308,1500,1,0743559826,0,1,0,167,2026-09-15 01:18:28,2026-09-15 06:00:00,2026-09-15 01:18:28,2026-09-15 01:18:28,2026-09-15 01:18:28,2026-09-15 02:11:48
6047595819674,100.2301,34.4703,100.2301,34.4703,1789445799,1789466400,1789445799,1789445799,1789445799,1789446021,153000,1,0525201215,0,1,0,779,2026-09-15 04:16:39,2026-09-15 10:00:00,2026-09-15 04:16:39,2026-09-15 04:16:39,2026-09-15 04:16:39,2026-09-15 04:20:21
6047595955203,100.2301,34.4703,100.2301,34.4703,1789432835,1789444800,1789432835,1789432835,1789432835,1789438825,63000,1,0525201215,0,1,0,168,2026-09-15 00:40:35,2026-09-15 04:00:00,2026-09-15 00:40:35,2026-09-15 00:40:35,2026-09-15 00:40:35,2026-09-15 02:20:25
6047595816854,100.2301,34.4703,100.2301,34.4703,1789445943,1789464600,1789445943,1789445943,1789445943,0,1000,2,\\N,0,0,0,0,2026-09-15 04:19:03,2026-09-15 09:30:00,2026-09-15 04:19:03,2026-09-15 04:19:03,2026-09-15 04:19:03,
6047595817404,100.2301,34.4703,100.2301,34.4703,1789446480,1789464600,1789446480,1789446480,1789446480,1789451138,4500,1,0586643499,0,1,0,215,2026-09-15 04:28:00,2026-09-15 09:30:00,2026-09-15 04:28:00,2026-09-15 04:28:00,2026-09-15 04:28:00,2026-09-15 05:45:38
6047595842587,99.651,33.7539,99.651,33.7539,1789435088,1789447500,1789435088,1789435088,1789435088,1789450976,1000,1,0750298548,0,0,1,157,2026-09-15 01:18:08,2026-09-15 04:45:00,2026-09-15 01:18:08,2026-09-15 01:18:08,2026-09-15 01:18:08,2026-09-15 05:42:56
6047595942312,100.2301,34.4703,100.2301,34.4703,1789433296,1789444800,1789433296,1789433296,1789433296,0,4000,2,\\N,0,0,0,0,2026-09-15 00:48:16,2026-09-15 04:00:00,2026-09-15 00:48:16,2026-09-15 00:48:16,2026-09-15 00:48:16,
6047595821880,100.2301,34.4703,100.2301,34.4703,1789444830,1789480800,1789444830,1789444830,1789444830,1789454609,1600,1,0729515412,0,1,1,144,2026-09-15 04:00:30,2026-09-15 14:00:00,2026-09-15 04:00:30,2026-09-15 04:00:30,2026-09-15 04:00:30,2026-09-15 06:43:29
6047595827369,100.738,32.9324,100.738,32.9324,1789441888,1789464600,1789441888,1789441888,1789441888,1789446681,1000,1,0613329616,0,1,0,147,2026-09-15 03:11:28,2026-09-15 09:30:00,2026-09-15 03:11:28,2026-09-15 03:11:28,2026-09-15 03:11:28,2026-09-15 04:31:21
6047595939767,100.2301,34.4703,100.2301,34.4703,1789433311,1789452000,1789433311,1789433311,1789433311,1789439086,2500,1,0752242651,0,1,0,177,2026-09-15 00:48:31,2026-09-15 06:00:00,2026-09-15 00:48:31,2026-09-15 00:48:31,2026-09-15 00:48:31,2026-09-15 02:24:46
6047595820360,100.2301,34.4703,100.2301,34.4703,1789445576,1789464600,1789445576,1789445576,1789445576,1789455231,1000,1,0586643499,0,1,1,166,2026-09-15 04:12:56,2026-09-15 09:30:00,2026-09-15 04:12:56,2026-09-15 04:12:56,2026-09-15 04:12:56,2026-09-15 06:53:51
6047595830007,100.738,32.9324,100.738,32.9324,1789441807,1789480800,1789441807,1789441807,1789441807,1789455483,500,1,0649086388,0,1,1,117,2026-09-15 03:10:07,2026-09-15 14:00:00,2026-09-15 03:10:07,2026-09-15 03:10:07,2026-09-15 03:10:07,2026-09-15 06:58:03
6047595943959,100.2301,34.4703,100.2301,34.4703,1789433149,1789444800,1789433150,1789433150,1789433150,1789436930,2300,1,0475824345,0,1,0,174,2026-09-15 00:45:49,2026-09-15 04:00:00,2026-09-15 00:45:50,2026-09-15 00:45:50,2026-09-15 00:45:50,2026-09-15 01:48:50
6047595941000,100.2301,34.4703,100.2301,34.4703,1789433375,1789444800,1789433375,1789433375,1789433375,1789438041,500,1,0731669509,0,1,0,145,2026-09-15 00:49:35,2026-09-15 04:00:00,2026-09-15 00:49:35,2026-09-15 00:49:35,2026-09-15 00:49:35,2026-09-15 02:07:21
8047595561667,100.2291,34.4684,100.229,34.4685,1789446509,0,0,0,0,1789446509,1000,1,0475840601,1,0,0,239,2026-09-15 04:28:29,,,,,2026-09-15 04:28:29
6047595949792,99.9047,33.9653,99.9047,33.9653,1789432979,1789447800,1789432979,1789432979,1789432979,1789433990,2050000,1,0745296255,0,1,0,252,2026-09-15 00:42:59,2026-09-15 04:50:00,2026-09-15 00:42:59,2026-09-15 00:42:59,2026-09-15 00:42:59,2026-09-15 00:59:50
8047595119830,100.246,34.4593,101.4832,33.4229,1789459276,0,0,0,0,1789459276,12000,1,0678203599,1,0,0,448,2026-09-15 08:01:16,,,,,2026-09-15 08:01:16
8047595363053,99.6488,33.758,99.6488,33.758,1789454021,0,0,0,0,1789454021,1000,1,0600882909,1,0,0,346,2026-09-15 06:33:41,,,,,2026-09-15 06:33:41
6047595942570,100.2301,34.4703,100.2301,34.4703,1789433306,1789452000,1789433306,1789433306,1789433306,1789436666,2400,1,0475824345,0,1,0,167,2026-09-15 00:48:26,2026-09-15 06:00:00,2026-09-15 00:48:26,2026-09-15 00:48:26,2026-09-15 00:48:26,2026-09-15 01:44:26
8047595411165,99.9045,33.9651,99.9045,33.9651,1789452179,0,0,0,0,1789452179,22500,1,0723980389,1,0,0,169,2026-09-15 06:02:59,,,,,2026-09-15 06:02:59
8047594825774,100.2291,34.4684,100.229,34.4685,1789467935,0,0,0,0,1789467935,3400,1,0475840601,1,0,0,496,2026-09-15 10:25:35,,,,,2026-09-15 10:25:35
6047595939386,100.2301,34.4703,100.2301,34.4703,1789433325,1789444800,1789433325,1789433325,1789433325,1789441385,500,1,0586643499,0,1,0,166,2026-09-15 00:48:45,2026-09-15 04:00:00,2026-09-15 00:48:45,2026-09-15 00:48:45,2026-09-15 00:48:45,2026-09-15 03:03:05
6047595816950,100.2301,34.4703,100.2301,34.4703,1789445876,1789464600,1789445876,1789445876,1789445876,1789452454,1300,1,0752242651,0,1,0,171,2026-09-15 04:17:56,2026-09-15 09:30:00,2026-09-15 04:17:56,2026-09-15 04:17:56,2026-09-15 04:17:56,2026-09-15 06:07:34
6047595959876,100.2301,34.4703,100.2301,34.4703,1789432615,1789444800,1789432615,1789432615,1789432615,1789440087,91500,1,0525201215,0,1,0,1658,2026-09-15 00:36:55,2026-09-15 04:00:00,2026-09-15 00:36:55,2026-09-15 00:36:55,2026-09-15 00:36:55,2026-09-15 02:41:27
6047595939864,100.2301,34.4703,100.2301,34.4703,1789433309,1789452000,1789433309,1789433309,1789433309,0,500,2,\\N,0,0,0,0,2026-09-15 00:48:29,2026-09-15 06:00:00,2026-09-15 00:48:29,2026-09-15 00:48:29,2026-09-15 00:48:29,
6047595943969,100.2301,34.4703,100.2301,34.4703,1789433148,1789452000,1789433149,1789433149,1789433149,0,350,2,\\N,0,0,0,0,2026-09-15 00:45:48,2026-09-15 06:00:00,2026-09-15 00:45:49,2026-09-15 00:45:49,2026-09-15 00:45:49,
6047595940173,100.2301,34.4703,100.2301,34.4703,1789433315,1789444800,1789433315,1789433315,1789433315,1789440280,1000,1,0573276138,0,1,0,147,2026-09-15 00:48:35,2026-09-15 04:00:00,2026-09-15 00:48:35,2026-09-15 00:48:35,2026-09-15 00:48:35,2026-09-15 02:44:40
6047595819916,100.2301,34.4703,100.2301,34.4703,1789445549,1789464600,1789445549,1789445549,1789445549,1789455481,1000,1,0586643499,0,1,1,147,2026-09-15 04:12:29,2026-09-15 09:30:00,2026-09-15 04:12:29,2026-09-15 04:12:29,2026-09-15 04:12:29,2026-09-15 06:58:01
6047595820456,100.2301,34.4703,100.2301,34.4703,1789444008,1789464600,1789444008,1789444008,1789444008,1789447715,5000,1,0475824345,0,1,0,222,2026-09-15 03:46:48,2026-09-15 09:30:00,2026-09-15 03:46:48,2026-09-15 03:46:48,2026-09-15 03:46:48,2026-09-15 04:48:35
6047595837980,99.651,33.7539,99.651,33.7539,1789435393,1789452000,1789435393,1789435393,1789435393,1789443723,2600,1,0755146964,0,1,1,196,2026-09-15 01:23:13,2026-09-15 06:00:00,2026-09-15 01:23:13,2026-09-15 01:23:13,2026-09-15 01:23:13,2026-09-15 03:42:03
6047595827777,100.738,32.9324,100.738,32.9324,1789442122,1789464600,1789442122,1789442122,1789442122,1789456875,272000,1,0613329616,0,1,1,66,2026-09-15 03:15:22,2026-09-15 09:30:00,2026-09-15 03:15:22,2026-09-15 03:15:22,2026-09-15 03:15:22,2026-09-15 07:21:15
8047594734851,100.7434,32.9289,100.7429,32.9285,1789468472,0,0,0,0,1789468472,1000,1,0613329616,1,0,0,239,2026-09-15 10:34:32,,,,,2026-09-15 10:34:32
6047595832629,99.651,33.7539,99.651,33.7539,1789441314,1789444901,1789441314,1789441314,1789441314,1789441320,20000,1,0722476819,0,1,0,229,2026-09-15 03:01:54,2026-09-15 04:01:41,2026-09-15 03:01:54,2026-09-15 03:01:54,2026-09-15 03:01:54,2026-09-15 03:02:00
6047595842128,99.9047,33.9653,99.9047,33.9653,1789435109,1789444800,1789435109,1789435109,1789435109,1789440976,16000,1,0743559826,0,1,0,454,2026-09-15 01:18:29,2026-09-15 04:00:00,2026-09-15 01:18:29,2026-09-15 01:18:29,2026-09-15 01:18:29,2026-09-15 02:56:16
6047595943980,100.2301,34.4703,100.2301,34.4703,1789433148,1789444800,1789433148,1789433148,1789433148,0,3000,2,\\N,0,0,0,0,2026-09-15 00:45:48,2026-09-15 04:00:00,2026-09-15 00:45:48,2026-09-15 00:45:48,2026-09-15 00:45:48,
6047595842377,99.9047,33.9653,99.9047,33.9653,1789435122,1789452000,1789435122,1789435122,1789435122,0,1700,2,\\N,0,0,0,0,2026-09-15 01:18:42,2026-09-15 06:00:00,2026-09-15 01:18:42,2026-09-15 01:18:42,2026-09-15 01:18:42,
8047595706407,100.7434,32.9289,100.7429,32.9285,1789441288,0,0,0,0,1789441288,1000,1,0613329616,1,0,0,286,2026-09-15 03:01:28,,,,,2026-09-15 03:01:28
6047595942508,100.2301,34.4703,100.2301,34.4703,1789433293,1789452000,1789433293,1789433293,1789433293,1789436977,12500,1,0475824345,0,1,0,364,2026-09-15 00:48:13,2026-09-15 06:00:00,2026-09-15 00:48:13,2026-09-15 00:48:13,2026-09-15 00:48:13,2026-09-15 01:49:37
6047595768064,98.2098,34.9116,98.2098,34.9116,1789440846,1789452000,1789440846,1789440846,1789440846,0,2800,2,\\N,0,0,0,0,2026-09-15 02:54:06,2026-09-15 06:00:00,2026-09-15 02:54:06,2026-09-15 02:54:06,2026-09-15 02:54:06,
6047595951438,99.9047,33.9653,99.9047,33.9653,1789432995,1789447800,1789432995,1789432995,1789432995,1789433990,2050000,1,0745296255,0,1,0,252,2026-09-15 00:43:15,2026-09-15 04:50:00,2026-09-15 00:43:15,2026-09-15 00:43:15,2026-09-15 00:43:15,2026-09-15 00:59:50
6047595819677,100.2301,34.4703,100.2301,34.4703,1789445800,1789466400,1789445800,1789445800,1789445800,1789446021,153000,1,0525201215,0,1,0,779,2026-09-15 04:16:40,2026-09-15 10:00:00,2026-09-15 04:16:40,2026-09-15 04:16:40,2026-09-15 04:16:40,2026-09-15 04:20:21
6047595819360,100.2301,34.4703,100.2301,34.4703,1789445115,1789464600,1789445115,1789445115,1789445115,0,200,2,\\N,0,0,0,0,2026-09-15 04:05:15,2026-09-15 09:30:00,2026-09-15 04:05:15,2026-09-15 04:05:15,2026-09-15 04:05:15,
6047595827770,100.738,32.9324,100.738,32.9324,1789442123,1789464600,1789442123,1789442123,1789442123,1789456875,272000,1,0613329616,0,1,1,66,2026-09-15 03:15:23,2026-09-15 09:30:00,2026-09-15 03:15:23,2026-09-15 03:15:23,2026-09-15 03:15:23,2026-09-15 07:21:15
6047595941024,100.2301,34.4703,100.2301,34.4703,1789433373,1789444800,1789433373,1789433373,1789433373,1789441072,1200,1,0731669509,0,1,0,151,2026-09-15 00:49:33,2026-09-15 04:00:00,2026-09-15 00:49:33,2026-09-15 00:49:33,2026-09-15 00:49:33,2026-09-15 02:57:52
6047595863026,100.2301,34.4703,100.2301,34.4703,1789433908,1789444800,1789433908,1789433908,1789433908,0,1900,2,\\N,0,0,0,0,2026-09-15 00:58:28,2026-09-15 04:00:00,2026-09-15 00:58:28,2026-09-15 00:58:28,2026-09-15 00:58:28,
6047595827779,100.738,32.9324,100.738,32.9324,1789442122,1789464600,1789442122,1789442122,1789442122,1789456875,272000,1,0613329616,0,1,1,66,2026-09-15 03:15:22,2026-09-15 09:30:00,2026-09-15 03:15:22,2026-09-15 03:15:22,2026-09-15 03:15:22,2026-09-15 07:21:15
6047595830000,100.738,32.9324,100.738,32.9324,1789441807,1789464600,1789441807,1789441807,1789441807,1789459208,1000,1,0649086388,0,1,1,212,2026-09-15 03:10:07,2026-09-15 09:30:00,2026-09-15 03:10:07,2026-09-15 03:10:07,2026-09-15 03:10:07,2026-09-15 08:00:08
6047595829988,100.738,32.9324,100.738,32.9324,1789441809,1789464600,1789441809,1789441809,1789441809,1789444612,18500,1,0649086388,0,1,0,236,2026-09-15 03:10:09,2026-09-15 09:30:00,2026-09-15 03:10:09,2026-09-15 03:10:09,2026-09-15 03:10:09,2026-09-15 03:56:52
6047595944215,100.2301,34.4703,100.2301,34.4703,1789433163,1789452000,1789433163,1789433163,1789433163,1789442797,6700,1,0731669509,0,1,1,238,2026-09-15 00:46:03,2026-09-15 06:00:00,2026-09-15 00:46:03,2026-09-15 00:46:03,2026-09-15 00:46:03,2026-09-15 03:26:37
6047595840914,99.651,33.7539,99.651,33.7539,1789435062,1789452000,1789435062,1789435062,1789435062,1789442795,5000,1,0756924451,0,1,0,198,2026-09-15 01:17:42,2026-09-15 06:00:00,2026-09-15 01:17:42,2026-09-15 01:17:42,2026-09-15 01:17:42,2026-09-15 03:26:35
6047595842568,99.651,33.7539,99.651,33.7539,1789435088,1789447500,1789435088,1789435088,1789435088,1789444652,1000,1,0750298548,0,1,1,175,2026-09-15 01:18:08,2026-09-15 04:45:00,2026-09-15 01:18:08,2026-09-15 01:18:08,2026-09-15 01:18:08,2026-09-15 03:57:32
8047595191883,99.9047,33.9653,99.9045,33.9651,1789457341,0,0,0,0,1789457341,1000,1,0745296255,1,0,0,239,2026-09-15 07:29:01,,,,,2026-09-15 07:29:01
6047595942207,99.9047,33.9653,99.9047,33.9653,1789433239,1789447800,1789433239,1789433239,1789433239,1789433990,2050000,1,0745296255,0,1,0,252,2026-09-15 00:47:19,2026-09-15 04:50:00,2026-09-15 00:47:19,2026-09-15 00:47:19,2026-09-15 00:47:19,2026-09-15 00:59:50
6047595817848,100.2301,34.4703,100.2301,34.4703,1789446507,1789464600,1789446507,1789446507,1789446507,1789463462,1000,1,0731669509,0,1,1,147,2026-09-15 04:28:27,2026-09-15 09:30:00,2026-09-15 04:28:27,2026-09-15 04:28:27,2026-09-15 04:28:27,2026-09-15 09:11:02
8047595180385,99.6488,33.758,99.6488,33.758,1789457666,0,0,0,0,1789457666,1000,1,0755146964,1,0,0,328,2026-09-15 07:34:26,,,,,2026-09-15 07:34:26
6047595841975,99.9047,33.9653,99.9047,33.9653,1789435114,1789444800,1789435114,1789435114,1789435114,1789443400,2900,1,0743559826,0,1,1,201,2026-09-15 01:18:34,2026-09-15 04:00:00,2026-09-15 01:18:34,2026-09-15 01:18:34,2026-09-15 01:18:34,2026-09-15 03:36:40
6047595820215,100.2301,34.4703,100.2301,34.4703,1789445638,1789464600,1789445638,1789445638,1789445638,1789451908,1000,1,0573276138,0,1,0,157,2026-09-15 04:13:58,2026-09-15 09:30:00,2026-09-15 04:13:58,2026-09-15 04:13:58,2026-09-15 04:13:58,2026-09-15 05:58:28
6047595830016,100.738,32.9324,100.738,32.9324,1789441805,1789462200,1789441805,1789441805,1789441805,1789443353,8900,1,0649086388,0,1,0,350,2026-09-15 03:10:05,2026-09-15 08:50:00,2026-09-15 03:10:05,2026-09-15 03:10:05,2026-09-15 03:10:05,2026-09-15 03:35:53
6047595830013,100.738,32.9324,100.738,32.9324,1789441807,1789464600,1789441807,1789441807,1789441807,1789455890,3600,1,0649086388,0,1,1,224,2026-09-15 03:10:07,2026-09-15 09:30:00,2026-09-15 03:10:07,2026-09-15 03:10:07,2026-09-15 03:10:07,2026-09-15 07:04:50
6047595827358,100.738,32.9324,100.738,32.9324,1789441891,1789464600,1789441891,1789441891,1789441891,1789455022,1000,1,0613329616,0,1,1,194,2026-09-15 03:11:31,2026-09-15 09:30:00,2026-09-15 03:11:31,2026-09-15 03:11:31,2026-09-15 03:11:31,2026-09-15 06:50:22
6047595830006,100.738,32.9324,100.738,32.9324,1789441807,1789480800,1789441807,1789441807,1789441807,1789447515,3400,1,0649086388,0,1,0,177,2026-09-15 03:10:07,2026-09-15 14:00:00,2026-09-15 03:10:07,2026-09-15 03:10:07,2026-09-15 03:10:07,2026-09-15 04:45:15
6047595829963,100.738,32.9324,100.738,32.9324,1789441810,1789480800,1789441810,1789441810,1789441810,1789447284,10000,1,0649086388,0,1,0,161,2026-09-15 03:10:10,2026-09-15 14:00:00,2026-09-15 03:10:10,2026-09-15 03:10:10,2026-09-15 03:10:10,2026-09-15 04:41:24
6047595827773,100.738,32.9324,100.738,32.9324,1789442123,1789464600,1789442123,1789442123,1789442123,1789456875,272000,1,0613329616,0,1,1,66,2026-09-15 03:15:23,2026-09-15 09:30:00,2026-09-15 03:15:23,2026-09-15 03:15:23,2026-09-15 03:15:23,2026-09-15 07:21:15
6047595821887,100.2301,34.4703,100.2301,34.4703,1789444831,1789480800,1789444831,1789444831,1789444831,1789460837,2000,1,0729515412,0,1,1,185,2026-09-15 04:00:31,2026-09-15 14:00:00,2026-09-15 04:00:31,2026-09-15 04:00:31,2026-09-15 04:00:31,2026-09-15 08:27:17
6047595837103,99.651,33.7539,99.651,33.7539,1789435339,1789447500,1789435339,1789435339,1789435339,1789446773,5700,1,0750298548,0,1,1,238,2026-09-15 01:22:19,2026-09-15 04:45:00,2026-09-15 01:22:19,2026-09-15 01:22:19,2026-09-15 01:22:19,2026-09-15 04:32:53
6047595842289,99.9047,33.9653,99.9047,33.9653,1789435125,1789452000,1789435125,1789435125,1789435125,0,3400,2,\\N,0,0,0,0,2026-09-15 01:18:45,2026-09-15 06:00:00,2026-09-15 01:18:45,2026-09-15 01:18:45,2026-09-15 01:18:45,
6047595955784,100.2301,34.4703,100.2301,34.4703,1789432761,1789444800,1789432761,1789432761,1789432761,0,22000,2,\\N,0,0,0,0,2026-09-15 00:39:21,2026-09-15 04:00:00,2026-09-15 00:39:21,2026-09-15 00:39:21,2026-09-15 00:39:21,
6047595845948,99.651,33.7539,99.651,33.7539,1789434761,1789447500,1789434761,1789434761,1789434761,1789458753,1000,1,0722476819,0,0,1,175,2026-09-15 01:12:41,2026-09-15 04:45:00,2026-09-15 01:12:41,2026-09-15 01:12:41,2026-09-15 01:12:41,2026-09-15 07:52:33
8047595558975,100.2291,34.4684,100.229,34.4685,1789446511,0,0,0,0,1789446511,1000,1,0475840601,1,0,0,239,2026-09-15 04:28:31,,,,,2026-09-15 04:28:31
6047595827744,100.738,32.9324,100.738,32.9324,1789442124,1789464600,1789442124,1789442124,1789442124,1789456875,272000,1,0613329616,0,1,1,66,2026-09-15 03:15:24,2026-09-15 09:30:00,2026-09-15 03:15:24,2026-09-15 03:15:24,2026-09-15 03:15:24,2026-09-15 07:21:15
6047595819076,100.2301,34.4703,100.2301,34.4703,1789445016,1789464600,1789445016,1789445016,1789445016,1789450252,1000,1,0731669509,0,1,0,166,2026-09-15 04:03:36,2026-09-15 09:30:00,2026-09-15 04:03:36,2026-09-15 04:03:36,2026-09-15 04:03:36,2026-09-15 05:30:52
6047595931024,100.2301,34.4703,100.2301,34.4703,1789433732,1789437322,1789449162,1789449162,1789449162,0,1000,2,\\N,0,0,0,0,2026-09-15 00:55:32,2026-09-15 01:55:22,2026-09-15 05:12:42,2026-09-15 05:12:42,2026-09-15 05:12:42,
6047595658081,99.651,33.7539,99.651,33.7539,1789455316,1789458907,1789455316,1789455316,1789455316,1789455407,400,1,0755146964,0,1,0,117,2026-09-15 06:55:16,2026-09-15 07:55:07,2026-09-15 06:55:16,2026-09-15 06:55:16,2026-09-15 06:55:16,2026-09-15 06:56:47
8047595400030,99.9047,33.9653,99.9045,33.9651,1789450197,0,0,0,0,1789450197,1000,1,0745296255,1,0,0,314,2026-09-15 05:29:57,,,,,2026-09-15 05:29:57
6047595937145,100.2301,34.4703,100.2301,34.4703,1789433557,1789452000,1789433557,1789433557,1789433557,0,5000,2,\\N,0,0,0,0,2026-09-15 00:52:37,2026-09-15 06:00:00,2026-09-15 00:52:37,2026-09-15 00:52:37,2026-09-15 00:52:37,
6047595842644,99.651,33.7539,99.651,33.7539,1789435086,1789447500,1789435086,1789435086,1789435086,1789445537,1000,1,0750298548,0,1,1,166,2026-09-15 01:18:06,2026-09-15 04:45:00,2026-09-15 01:18:06,2026-09-15 01:18:06,2026-09-15 01:18:06,2026-09-15 04:12:17
6047595939452,100.2301,34.4703,100.2301,34.4703,1789433322,1789444800,1789433322,1789433322,1789433322,1789440443,2500,1,0731669509,0,1,0,175,2026-09-15 00:48:42,2026-09-15 04:00:00,2026-09-15 00:48:42,2026-09-15 00:48:42,2026-09-15 00:48:42,2026-09-15 02:47:23
6047595842655,99.651,33.7539,99.651,33.7539,1789435086,1789452000,1789435086,1789435086,1789435086,1789442805,1000,1,0750298548,0,1,0,166,2026-09-15 01:18:06,2026-09-15 06:00:00,2026-09-15 01:18:06,2026-09-15 01:18:06,2026-09-15 01:18:06,2026-09-15 03:26:45
6047595943606,99.9047,33.9653,99.9047,33.9653,1789433190,1789447800,1789433190,1789433190,1789433190,1789433990,2050000,1,0745296255,0,1,0,252,2026-09-15 00:46:30,2026-09-15 04:50:00,2026-09-15 00:46:30,2026-09-15 00:46:30,2026-09-15 00:46:30,2026-09-15 00:59:50
6047595842562,99.651,33.7539,99.651,33.7539,1789435088,1789447500,1789435088,1789435088,1789435088,1789441631,13000,1,0750298548,0,1,0,408,2026-09-15 01:18:08,2026-09-15 04:45:00,2026-09-15 01:18:08,2026-09-15 01:18:08,2026-09-15 01:18:08,2026-09-15 03:07:11
6047595830004,100.738,32.9324,100.738,32.9324,1789441807,1789464600,1789441807,1789441807,1789441807,1789447442,6300,1,0649086388,0,1,0,267,2026-09-15 03:10:07,2026-09-15 09:30:00,2026-09-15 03:10:07,2026-09-15 03:10:07,2026-09-15 03:10:07,2026-09-15 04:44:02
6047595826888,98.2098,34.9116,98.2098,34.9116,1789441999,1789454400,1789441999,1789441999,1789441999,1789447031,1400,1,0751983537,0,1,0,155,2026-09-15 03:13:19,2026-09-15 06:40:00,2026-09-15 03:13:19,2026-09-15 03:13:19,2026-09-15 03:13:19,2026-09-15 04:37:11
6047595938585,100.2301,34.4703,100.2301,34.4703,1789433489,1789452000,1789433489,1789433489,1789433489,1789441795,2000,1,0586643499,0,1,1,166,2026-09-15 00:51:29,2026-09-15 06:00:00,2026-09-15 00:51:29,2026-09-15 00:51:29,2026-09-15 00:51:29,2026-09-15 03:09:55
6047595955381,100.2301,34.4703,100.2301,34.4703,1789432852,1789452000,1789432852,1789432852,1789432852,1789442797,6700,1,0731669509,0,1,1,238,2026-09-15 00:40:52,2026-09-15 06:00:00,2026-09-15 00:40:52,2026-09-15 00:40:52,2026-09-15 00:40:52,2026-09-15 03:26:37
6047595842570,99.651,33.7539,99.651,33.7539,1789435088,1789447500,1789435088,1789435088,1789435088,0,2000,2,\\N,0,0,0,0,2026-09-15 01:18:08,2026-09-15 04:45:00,2026-09-15 01:18:08,2026-09-15 01:18:08,2026-09-15 01:18:08,
6047595842456,99.651,33.7539,99.651,33.7539,1789435091,1789452000,1789435091,1789435091,1789435091,1789449684,4200,1,0750298548,0,1,1,195,2026-09-15 01:18:11,2026-09-15 06:00:00,2026-09-15 01:18:11,2026-09-15 01:18:11,2026-09-15 01:18:11,2026-09-15 05:21:24
8047595362870,99.6488,33.758,99.6488,33.758,1789454012,0,0,0,0,1789454012,1000,1,0600882909,1,0,0,328,2026-09-15 06:33:32,,,,,2026-09-15 06:33:32
6047595940312,100.2301,34.4703,100.2301,34.4703,1789433382,1789452000,1789433382,1789433382,1789433382,1789437177,6700,1,0752242651,0,1,0,238,2026-09-15 00:49:42,2026-09-15 06:00:00,2026-09-15 00:49:42,2026-09-15 00:49:42,2026-09-15 00:49:42,2026-09-15 01:52:57
6047595587057,100.2301,34.4703,100.2301,34.4703,1789464254,1789467846,1789464254,1789464254,1789464254,0,350,2,\\N,0,0,0,0,2026-09-15 09:24:14,2026-09-15 10:24:06,2026-09-15 09:24:14,2026-09-15 09:24:14,2026-09-15 09:24:14,
6047595827769,100.738,32.9324,100.738,32.9324,1789442123,1789464600,1789442123,1789442123,1789442123,1789456875,272000,1,0613329616,0,1,1,66,2026-09-15 03:15:23,2026-09-15 09:30:00,2026-09-15 03:15:23,2026-09-15 03:15:23,2026-09-15 03:15:23,2026-09-15 07:21:15
6047595937723,99.9047,33.9653,99.9047,33.9653,1789433411,1789447800,1789433411,1789433411,1789433411,1789433990,2050000,1,0745296255,0,1,0,252,2026-09-15 00:50:11,2026-09-15 04:50:00,2026-09-15 00:50:11,2026-09-15 00:50:11,2026-09-15 00:50:11,2026-09-15 00:59:50
6047595844598,99.9047,33.9653,99.9047,33.9653,1789434960,1789444800,1789439301,1789439301,1789439301,1789442865,1000,1,0745296255,0,1,0,175,2026-09-15 01:16:00,2026-09-15 04:00:00,2026-09-15 02:28:21,2026-09-15 02:28:21,2026-09-15 02:28:21,2026-09-15 03:27:45
6047595934417,100.2301,34.4703,100.2301,34.4703,1789433679,1789444800,1789433679,1789433679,1789433679,0,4500,2,\\N,0,0,0,0,2026-09-15 00:54:39,2026-09-15 04:00:00,2026-09-15 00:54:39,2026-09-15 00:54:39,2026-09-15 00:54:39,
8047595364776,100.7434,32.9289,100.7429,32.9285,1789453952,0,0,0,0,1789453952,1700,1,0613329616,1,0,0,309,2026-09-15 06:32:32,,,,,2026-09-15 06:32:32
8047595123396,99.6488,33.758,99.6488,33.758,1789459198,0,0,0,0,1789459198,5600,1,0722476819,1,0,0,375,2026-09-15 07:59:58,,,,,2026-09-15 07:59:58
6047595943981,100.2301,34.4703,100.2301,34.4703,1789433148,1789444800,1789433148,1789433148,1789433148,1789440733,1000,1,0475824345,0,1,0,147,2026-09-15 00:45:48,2026-09-15 04:00:00,2026-09-15 00:45:48,2026-09-15 00:45:48,2026-09-15 00:45:48,2026-09-15 02:52:13
6047595845525,99.651,33.7539,99.651,33.7539,1789434755,1789452000,1789435738,1789435738,1789435738,1789435830,500,1,0755146964,0,1,0,117,2026-09-15 01:12:35,2026-09-15 06:00:00,2026-09-15 01:28:58,2026-09-15 01:28:58,2026-09-15 01:28:58,2026-09-15 01:30:30
8047595119313,99.6488,33.758,99.6488,33.758,1789459291,0,0,0,0,1789459291,1000,1,0756924451,1,0,0,312,2026-09-15 08:01:31,,,,,2026-09-15 08:01:31
6047595827383,100.738,32.9324,100.738,32.9324,1789441887,1789480800,1789452501,1789452501,1789452501,1789453315,3200,1,0649086388,0,1,1,173,2026-09-15 03:11:27,2026-09-15 14:00:00,2026-09-15 06:08:21,2026-09-15 06:08:21,2026-09-15 06:08:21,2026-09-15 06:21:55
6047595827346,100.738,32.9324,100.738,32.9324,1789441891,1789464600,1789441891,1789441891,1789441891,1789457570,3000,1,0613329616,0,1,1,194,2026-09-15 03:11:31,2026-09-15 09:30:00,2026-09-15 03:11:31,2026-09-15 03:11:31,2026-09-15 03:11:31,2026-09-15 07:32:50
6047595819618,100.2301,34.4703,100.2301,34.4703,1789445663,1789464600,1789445663,1789445663,1789445663,1789460457,23000,1,0752242651,0,1,1,282,2026-09-15 04:14:23,2026-09-15 09:30:00,2026-09-15 04:14:23,2026-09-15 04:14:23,2026-09-15 04:14:23,2026-09-15 08:20:57
6047595827782,100.738,32.9324,100.738,32.9324,1789442123,1789464600,1789442123,1789442123,1789442123,1789456875,272000,1,0613329616,0,1,1,66,2026-09-15 03:15:23,2026-09-15 09:30:00,2026-09-15 03:15:23,2026-09-15 03:15:23,2026-09-15 03:15:23,2026-09-15 07:21:15
8047595729136,100.229,34.4685,100.229,34.4685,1789440931,0,0,0,0,1789440931,500,1,0757590820,1,0,0,117,2026-09-15 02:55:31,,,,,2026-09-15 02:55:31
6047595940034,100.2301,34.4703,100.2301,34.4703,1789433319,1789452000,1789433319,1789433319,1789433319,1789442542,970,1,0573276138,0,1,1,149,2026-09-15 00:48:39,2026-09-15 06:00:00,2026-09-15 00:48:39,2026-09-15 00:48:39,2026-09-15 00:48:39,2026-09-15 03:22:22
6047595828440,98.2098,34.9116,98.2098,34.9116,1789442096,1789454400,1789442096,1789442096,1789442096,1789448686,1000,1,0751983537,0,1,0,166,2026-09-15 03:14:56,2026-09-15 06:40:00,2026-09-15 03:14:56,2026-09-15 03:14:56,2026-09-15 03:14:56,2026-09-15 05:04:46
8047595120613,99.6488,33.758,99.6488,33.758,1789459201,0,0,0,0,1789459201,11500,1,0722476819,1,0,0,491,2026-09-15 08:00:01,,,,,2026-09-15 08:00:01
8047594848648,100.2291,34.4684,100.229,34.4685,1789466914,0,0,0,0,1789466914,3100,1,0475840601,1,0,0,345,2026-09-15 10:08:34,,,,,2026-09-15 10:08:34
8047595572031,100.2291,34.4684,100.229,34.4685,1789444617,0,0,0,0,1789444617,1000,1,0757590820,1,0,0,239,2026-09-15 03:56:57,,,,,2026-09-15 03:56:57
6047595844541,99.9047,33.9653,99.9047,33.9653,1789434962,1789444800,1789434962,1789434962,1789434962,0,1000,2,\\N,0,0,0,0,2026-09-15 01:16:02,2026-09-15 04:00:00,2026-09-15 01:16:02,2026-09-15 01:16:02,2026-09-15 01:16:02,
6047595821886,100.2301,34.4703,100.2301,34.4703,1789444831,1789464600,1789444831,1789444831,1789444831,1789458093,1000,1,0729515412,0,1,1,119,2026-09-15 04:00:31,2026-09-15 09:30:00,2026-09-15 04:00:31,2026-09-15 04:00:31,2026-09-15 04:00:31,2026-09-15 07:41:33
6047595944751,100.2301,34.4703,100.2301,34.4703,1789433223,1789444800,1789433223,1789433223,1789433223,1789442213,1000,1,0729515412,0,1,1,166,2026-09-15 00:47:03,2026-09-15 04:00:00,2026-09-15 00:47:03,2026-09-15 00:47:03,2026-09-15 00:47:03,2026-09-15 03:16:53
6047595844570,99.9047,33.9653,99.9047,33.9653,1789434961,1789452000,1789434961,1789434961,1789434961,1789437332,1000,1,0745296255,0,1,0,166,2026-09-15 01:16:01,2026-09-15 06:00:00,2026-09-15 01:16:01,2026-09-15 01:16:01,2026-09-15 01:16:01,2026-09-15 01:55:32
8047595558958,100.2291,34.4684,100.229,34.4685,1789446512,0,0,0,0,1789446512,1000,1,0475840601,1,0,0,307,2026-09-15 04:28:32,,,,,2026-09-15 04:28:32
6047595827797,100.738,32.9324,100.738,32.9324,1789442120,1789464600,1789442120,1789442120,1789442120,1789456875,272000,1,0613329616,0,1,1,66,2026-09-15 03:15:20,2026-09-15 09:30:00,2026-09-15 03:15:20,2026-09-15 03:15:20,2026-09-15 03:15:20,2026-09-15 07:21:15
8047595709262,100.7434,32.9289,100.7429,32.9285,1789441283,0,0,0,0,1789441283,1000,1,0613329616,1,0,0,296,2026-09-15 03:01:23,,,,,2026-09-15 03:01:23
6047595820554,100.2301,34.4703,100.2301,34.4703,1789443971,1789464600,1789443971,1789443971,1789443971,1789448003,1000,1,0475824345,0,1,0,150,2026-09-15 03:46:11,2026-09-15 09:30:00,2026-09-15 03:46:11,2026-09-15 03:46:11,2026-09-15 03:46:11,2026-09-15 04:53:23
6047595942166,99.9047,33.9653,99.9047,33.9653,1789433240,1789447800,1789433240,1789433240,1789433240,1789433990,2050000,1,0745296255,0,1,0,252,2026-09-15 00:47:20,2026-09-15 04:50:00,2026-09-15 00:47:20,2026-09-15 00:47:20,2026-09-15 00:47:20,2026-09-15 00:59:50
6047595846013,99.651,33.7539,99.651,33.7539,1789434756,1789447500,1789453234,1789453234,1789453234,1789453319,5800,1,0755146964,0,0,1,227,2026-09-15 01:12:36,2026-09-15 04:45:00,2026-09-15 06:20:34,2026-09-15 06:20:34,2026-09-15 06:20:34,2026-09-15 06:21:59
6047595842638,99.651,33.7539,99.651,33.7539,1789435086,1789447500,1789435086,1789435086,1789435086,0,1000,2,\\N,0,0,0,0,2026-09-15 01:18:06,2026-09-15 04:45:00,2026-09-15 01:18:06,2026-09-15 01:18:06,2026-09-15 01:18:06,
6047595940134,100.2301,34.4703,100.2301,34.4703,1789433316,1789452000,1789433316,1789433316,1789433316,1789440412,450,1,0573276138,0,1,0,117,2026-09-15 00:48:36,2026-09-15 06:00:00,2026-09-15 00:48:36,2026-09-15 00:48:36,2026-09-15 00:48:36,2026-09-15 02:46:52
6047595944828,100.2301,34.4703,100.2301,34.4703,1789433221,1789452000,1789433221,1789433221,1789433221,0,500,2,\\N,0,0,0,0,2026-09-15 00:47:01,2026-09-15 06:00:00,2026-09-15 00:47:01,2026-09-15 00:47:01,2026-09-15 00:47:01,
8047595330882,99.9045,33.9651,99.9045,33.9651,1789453161,0,0,0,0,1789453161,39500,1,0723980389,1,0,0,247,2026-09-15 06:19:21,,,,,2026-09-15 06:19:21
6047595840903,99.651,33.7539,99.651,33.7539,1789435063,1789452000,1789435063,1789435063,1789435063,1789442807,5000,1,0756924451,0,1,0,198,2026-09-15 01:17:43,2026-09-15 06:00:00,2026-09-15 01:17:43,2026-09-15 01:17:43,2026-09-15 01:17:43,2026-09-15 03:26:47
8047595399947,99.9047,33.9653,99.9045,33.9651,1789450199,0,0,0,0,1789450199,1000,1,0745296255,1,0,0,365,2026-09-15 05:29:59,,,,,2026-09-15 05:29:59
6047595851387,100.6256,33.7266,100.6256,33.7266,1789434382,1789450200,1789434382,1789434382,1789434382,1789437086,68500,1,0678203599,0,1,0,312,2026-09-15 01:06:22,2026-09-15 05:30:00,2026-09-15 01:06:22,2026-09-15 01:06:22,2026-09-15 01:06:22,2026-09-15 01:51:26
6047595820449,100.2301,34.4703,100.2301,34.4703,1789444022,1789464600,1789444022,1789444022,1789444022,1789447283,5800,1,0475824345,0,1,0,239,2026-09-15 03:47:02,2026-09-15 09:30:00,2026-09-15 03:47:02,2026-09-15 03:47:02,2026-09-15 03:47:02,2026-09-15 04:41:23
6047595844509,99.9047,33.9653,99.9047,33.9653,1789434964,1789444800,1789434964,1789434964,1789434964,1789461944,1000,1,0745296255,0,0,1,166,2026-09-15 01:16:04,2026-09-15 04:00:00,2026-09-15 01:16:04,2026-09-15 01:16:04,2026-09-15 01:16:04,2026-09-15 08:45:44
6047595959086,100.2301,34.4703,100.2301,34.4703,1789432735,1789466400,1789432735,1789432735,1789432735,1789439241,40500,1,0525201215,0,1,0,787,2026-09-15 00:38:55,2026-09-15 10:00:00,2026-09-15 00:38:55,2026-09-15 00:38:55,2026-09-15 00:38:55,2026-09-15 02:27:21
6047595826893,98.2098,34.9116,98.2098,34.9116,1789442000,1789452000,1789442000,1789442000,1789442000,1789448025,200,1,0751983537,0,1,0,135,2026-09-15 03:13:20,2026-09-15 06:00:00,2026-09-15 03:13:20,2026-09-15 03:13:20,2026-09-15 03:13:20,2026-09-15 04:53:45
6047595944715,100.2301,34.4703,100.2301,34.4703,1789433224,1789452000,1789433224,1789433224,1789433224,1789440162,580,1,0586643499,0,1,0,149,2026-09-15 00:47:04,2026-09-15 06:00:00,2026-09-15 00:47:04,2026-09-15 00:47:04,2026-09-15 00:47:04,2026-09-15 02:42:42
8047595120545,99.6488,33.758,99.6488,33.758,1789459202,0,0,0,0,1789459202,1900,1,0722476819,1,0,0,298,2026-09-15 08:00:02,,,,,2026-09-15 08:00:02
8047595119757,100.246,34.4593,101.4832,33.4229,1789459278,0,0,0,0,1789459278,21000,1,0678203599,1,0,0,624,2026-09-15 08:01:18,,,,,2026-09-15 08:01:18
6047595868360,99.9047,33.9653,99.9047,33.9653,1789437831,1789452000,1789437831,1789437831,1789437831,1789437970,2900,1,0745296255,0,1,0,171,2026-09-15 02:03:51,2026-09-15 06:00:00,2026-09-15 02:03:51,2026-09-15 02:03:51,2026-09-15 02:03:51,2026-09-15 02:06:10
6047595822612,100.738,32.9324,100.738,32.9324,1789442959,1789464600,1789442959,1789442959,1789442959,1789448234,1100,1,0613329616,0,1,0,196,2026-09-15 03:29:19,2026-09-15 09:30:00,2026-09-15 03:29:19,2026-09-15 03:29:19,2026-09-15 03:29:19,2026-09-15 04:57:14
6047595943427,100.2301,34.4703,100.2301,34.4703,1789433173,1789444800,1789433173,1789433173,1789433173,0,1000,2,\\N,0,0,0,0,2026-09-15 00:46:13,2026-09-15 04:00:00,2026-09-15 00:46:13,2026-09-15 00:46:13,2026-09-15 00:46:13,
6047595942705,100.2301,34.4703,100.2301,34.4703,1789433300,1789452000,1789433300,1789433300,1789433300,1789438308,500,1,0586643499,0,1,0,135,2026-09-15 00:48:20,2026-09-15 06:00:00,2026-09-15 00:48:20,2026-09-15 00:48:20,2026-09-15 00:48:20,2026-09-15 02:11:48
8047595698570,99.6488,33.758,99.6488,33.758,1789443063,0,0,0,0,1789443063,1000,1,0600882909,1,0,0,312,2026-09-15 03:31:03,,,,,2026-09-15 03:31:03
6047595837936,99.651,33.7539,99.651,33.7539,1789435395,1789452000,1789435395,1789435395,1789435395,1789442759,6200,1,0755146964,0,1,0,263,2026-09-15 01:23:15,2026-09-15 06:00:00,2026-09-15 01:23:15,2026-09-15 01:23:15,2026-09-15 01:23:15,2026-09-15 03:25:59
6047595830040,100.738,32.9324,100.738,32.9324,1789441803,1789464600,1789441803,1789441803,1789441803,1789445552,1000,1,0649086388,0,1,0,157,2026-09-15 03:10:03,2026-09-15 09:30:00,2026-09-15 03:10:03,2026-09-15 03:10:03,2026-09-15 03:10:03,2026-09-15 04:12:32
6047595842939,99.651,33.7539,99.651,33.7539,1789435092,1789447500,1789435092,1789435092,1789435092,1789440853,18500,1,0750298548,0,1,0,250,2026-09-15 01:18:12,2026-09-15 04:45:00,2026-09-15 01:18:12,2026-09-15 01:18:12,2026-09-15 01:18:12,2026-09-15 02:54:13
6047595939960,100.2301,34.4703,100.2301,34.4703,1789433307,1789444800,1789433307,1789433307,1789433307,1789441513,1000,1,0752242651,0,1,1,157,2026-09-15 00:48:27,2026-09-15 04:00:00,2026-09-15 00:48:27,2026-09-15 00:48:27,2026-09-15 00:48:27,2026-09-15 03:05:13
6047595829987,100.738,32.9324,100.738,32.9324,1789441809,1789480800,1789441809,1789441809,1789441809,1789459550,430,1,0649086388,0,1,1,117,2026-09-15 03:10:09,2026-09-15 14:00:00,2026-09-15 03:10:09,2026-09-15 03:10:09,2026-09-15 03:10:09,2026-09-15 08:05:50
6047595837850,99.651,33.7539,99.651,33.7539,1789435403,1789452300,1789435403,1789435403,1789435403,1789438402,4200,1,0755146964,0,1,0,225,2026-09-15 01:23:23,2026-09-15 06:05:00,2026-09-15 01:23:23,2026-09-15 01:23:23,2026-09-15 01:23:23,2026-09-15 02:13:22
8047595243723,99.6488,33.758,99.6488,33.758,1789455760,0,0,0,0,1789455760,1000,1,0600882909,1,0,0,277,2026-09-15 07:02:40,,,,,2026-09-15 07:02:40
6047595851912,100.6256,33.7266,100.6256,33.7266,1789434381,1789444800,1789434381,1789434381,1789434381,1789437266,9800,1,0678203599,0,1,0,311,2026-09-15 01:06:21,2026-09-15 04:00:00,2026-09-15 01:06:21,2026-09-15 01:06:21,2026-09-15 01:06:21,2026-09-15 01:54:26
6047595940025,100.2301,34.4703,100.2301,34.4703,1789433319,1789444800,1789433319,1789433319,1789433319,1789437606,15500,1,0573276138,0,1,0,436,2026-09-15 00:48:39,2026-09-15 04:00:00,2026-09-15 00:48:39,2026-09-15 00:48:39,2026-09-15 00:48:39,2026-09-15 02:00:06
6047595834072,99.651,33.7539,99.651,33.7539,1789435732,1789447500,1789435732,1789435732,1789435732,1789445550,1000,1,0756924451,0,1,1,185,2026-09-15 01:28:52,2026-09-15 04:45:00,2026-09-15 01:28:52,2026-09-15 01:28:52,2026-09-15 01:28:52,2026-09-15 04:12:30
6047595935403,100.2301,34.4703,100.2301,34.4703,1789433540,1789452000,1789433540,1789433540,1789433540,1789439118,7700,1,0731669509,0,1,0,131,2026-09-15 00:52:20,2026-09-15 06:00:00,2026-09-15 00:52:20,2026-09-15 00:52:20,2026-09-15 00:52:20,2026-09-15 02:25:18
6047595944770,100.2301,34.4703,100.2301,34.4703,1789433222,1789452000,1789433222,1789433222,1789433222,1789436625,180,1,0729515412,0,1,0,117,2026-09-15 00:47:02,2026-09-15 06:00:00,2026-09-15 00:47:02,2026-09-15 00:47:02,2026-09-15 00:47:02,2026-09-15 01:43:45
6047595827382,100.738,32.9324,100.738,32.9324,1789441887,1789480800,1789441887,1789441887,1789441887,1789448217,1300,1,0613329616,0,1,0,180,2026-09-15 03:11:27,2026-09-15 14:00:00,2026-09-15 03:11:27,2026-09-15 03:11:27,2026-09-15 03:11:27,2026-09-15 04:56:57
8047595126796,99.6488,33.758,99.6488,33.758,1789459112,0,0,0,0,1789459112,1000,1,0600882909,1,0,0,346,2026-09-15 07:58:32,,,,,2026-09-15 07:58:32
8047595862223,100.229,34.4685,100.229,34.4685,1789437325,0,0,0,0,1789437325,500,1,0757590820,1,0,0,143,2026-09-15 01:55:25,,,,,2026-09-15 01:55:25
6047595944244,99.9047,33.9653,99.9047,33.9653,1789433161,1789436754,1789433161,1789433161,1789433161,1789433990,2050000,1,0745296255,0,1,0,252,2026-09-15 00:46:01,2026-09-15 01:45:54,2026-09-15 00:46:01,2026-09-15 00:46:01,2026-09-15 00:46:01,2026-09-15 00:59:50
8047595119416,100.246,34.4593,101.4832,33.4229,1789459288,0,0,0,0,1789459288,13500,1,0678203599,1,0,0,478,2026-09-15 08:01:28,,,,,2026-09-15 08:01:28
8047595706467,100.7434,32.9289,100.7429,32.9285,1789441287,0,0,0,0,1789441287,1000,1,0613329616,1,0,0,239,2026-09-15 03:01:27,,,,,2026-09-15 03:01:27
8047595854188,100.229,34.4685,100.229,34.4685,1789437580,0,0,0,0,1789437580,2600,1,0757590820,1,0,0,165,2026-09-15 01:59:40,,,,,2026-09-15 01:59:40
8047594848799,100.2291,34.4684,100.229,34.4685,1789466901,0,0,0,0,1789466901,1000,1,0475840601,1,0,0,314,2026-09-15 10:08:21,,,,,2026-09-15 10:08:21
6047595820184,100.2301,34.4703,100.2301,34.4703,1789445644,1789464600,1789445644,1789445644,1789445644,0,10500,2,\\N,0,0,0,0,2026-09-15 04:14:04,2026-09-15 09:30:00,2026-09-15 04:14:04,2026-09-15 04:14:04,2026-09-15 04:14:04,
8047595123381,99.6488,33.758,99.6488,33.758,1789459198,0,0,0,0,1789459198,2500,1,0722476819,1,0,0,446,2026-09-15 07:59:58,,,,,2026-09-15 07:59:58
6047595687068,99.651,33.7539,99.651,33.7539,1789458938,1789462534,1789458938,1789458938,1789458938,1789463379,1000,1,0755146964,0,0,0,203,2026-09-15 07:55:38,2026-09-15 08:55:34,2026-09-15 07:55:38,2026-09-15 07:55:38,2026-09-15 07:55:38,2026-09-15 09:09:39
6047595826887,98.2098,34.9116,98.2098,34.9116,1789442001,1789452000,1789442001,1789442001,1789442001,0,1300,2,\\N,0,0,0,0,2026-09-15 03:13:21,2026-09-15 06:00:00,2026-09-15 03:13:21,2026-09-15 03:13:21,2026-09-15 03:13:21,
6047595940895,100.2301,34.4703,100.2301,34.4703,1789433349,1789452000,1789433349,1789433349,1789433349,1789439061,18000,1,0475824345,0,1,0,224,2026-09-15 00:49:09,2026-09-15 06:00:00,2026-09-15 00:49:09,2026-09-15 00:49:09,2026-09-15 00:49:09,2026-09-15 02:24:21
6047595944063,100.2301,34.4703,100.2301,34.4703,1789433144,1789452000,1789433144,1789433144,1789433144,1789435898,2700,1,0475824345,0,1,0,172,2026-09-15 00:45:44,2026-09-15 06:00:00,2026-09-15 00:45:44,2026-09-15 00:45:44,2026-09-15 00:45:44,2026-09-15 01:31:38
6047595827367,100.738,32.9324,100.738,32.9324,1789441890,1789464600,1789441890,1789441890,1789441890,1789454215,5200,1,0613329616,0,1,1,291,2026-09-15 03:11:30,2026-09-15 09:30:00,2026-09-15 03:11:30,2026-09-15 03:11:30,2026-09-15 03:11:30,2026-09-15 06:36:55
6047595837906,99.651,33.7539,99.651,33.7539,1789435397,1789447500,1789435397,1789435397,1789435397,1789446445,1000,1,0755146964,0,1,1,166,2026-09-15 01:23:17,2026-09-15 04:45:00,2026-09-15 01:23:17,2026-09-15 01:23:17,2026-09-15 01:23:17,2026-09-15 04:27:25
8047595446566,100.2291,34.4684,100.229,34.4685,1789448183,0,0,0,0,1789448183,9900,1,0757590820,1,0,0,348,2026-09-15 04:56:23,,,,,2026-09-15 04:56:23
6047595815958,100.2301,34.4703,100.2301,34.4703,1789447027,1789480800,1789447027,1789447027,1789447027,0,500,2,\\N,0,0,0,0,2026-09-15 04:37:07,2026-09-15 14:00:00,2026-09-15 04:37:07,2026-09-15 04:37:07,2026-09-15 04:37:07,
8047595443587,100.2291,34.4684,100.229,34.4685,1789448229,0,0,0,0,1789448229,1000,1,0586643499,1,0,0,239,2026-09-15 04:57:09,,,,,2026-09-15 04:57:09
6047595830026,100.738,32.9324,100.738,32.9324,1789441805,1789464600,1789441805,1789441805,1789441805,1789445907,1000,1,0649086388,0,1,0,157,2026-09-15 03:10:05,2026-09-15 09:30:00,2026-09-15 03:10:05,2026-09-15 03:10:05,2026-09-15 03:10:05,2026-09-15 04:18:27
6047595846000,99.651,33.7539,99.651,33.7539,1789434757,1789452000,1789434757,1789434757,1789434757,1789458895,700,1,0722476819,0,0,1,166,2026-09-15 01:12:37,2026-09-15 06:00:00,2026-09-15 01:12:37,2026-09-15 01:12:37,2026-09-15 01:12:37,2026-09-15 07:54:55
6047595829215,98.2098,34.9116,98.2098,34.9116,1789441477,1789454400,1789441477,1789441477,1789441477,0,16000,2,\\N,0,0,0,0,2026-09-15 03:04:37,2026-09-15 06:40:00,2026-09-15 03:04:37,2026-09-15 03:04:37,2026-09-15 03:04:37,
6047595842526,99.651,33.7539,99.651,33.7539,1789435090,1789452000,1789435090,1789435090,1789435090,1789448622,1300,1,0750298548,0,1,1,171,2026-09-15 01:18:10,2026-09-15 06:00:00,2026-09-15 01:18:10,2026-09-15 01:18:10,2026-09-15 01:18:10,2026-09-15 05:03:42
6047595830027,100.738,32.9324,100.738,32.9324,1789441805,1789480800,1789441805,1789441805,1789441805,1789445207,3600,1,0649086388,0,1,0,206,2026-09-15 03:10:05,2026-09-15 14:00:00,2026-09-15 03:10:05,2026-09-15 03:10:05,2026-09-15 03:10:05,2026-09-15 04:06:47
6047595939813,100.2301,34.4703,100.2301,34.4703,1789433311,1789444800,1789433311,1789433311,1789433311,1789440402,2300,1,0752242651,0,1,0,171,2026-09-15 00:48:31,2026-09-15 04:00:00,2026-09-15 00:48:31,2026-09-15 00:48:31,2026-09-15 00:48:31,2026-09-15 02:46:42
6047595943936,100.2301,34.4703,100.2301,34.4703,1789433150,1789444800,1789433150,1789433150,1789433150,0,4000,2,\\N,0,0,0,0,2026-09-15 00:45:50,2026-09-15 04:00:00,2026-09-15 00:45:50,2026-09-15 00:45:50,2026-09-15 00:45:50,
6047595842594,99.651,33.7539,99.651,33.7539,1789435087,1789452000,1789435087,1789435087,1789435087,1789442685,8000,1,0750298548,0,1,0,315,2026-09-15 01:18:07,2026-09-15 06:00:00,2026-09-15 01:18:07,2026-09-15 01:18:07,2026-09-15 01:18:07,2026-09-15 03:24:45
6047595819610,100.2301,34.4703,100.2301,34.4703,1789445669,1789464600,1789445669,1789445669,1789445669,1789460457,23000,1,0752242651,0,1,1,282,2026-09-15 04:14:29,2026-09-15 09:30:00,2026-09-15 04:14:29,2026-09-15 04:14:29,2026-09-15 04:14:29,2026-09-15 08:20:57
6047595944798,100.2301,34.4703,100.2301,34.4703,1789433222,1789444800,1789433222,1789433222,1789433222,0,7200,2,\\N,0,0,0,0,2026-09-15 00:47:02,2026-09-15 04:00:00,2026-09-15 00:47:02,2026-09-15 00:47:02,2026-09-15 00:47:02,
8047595239374,99.6488,33.758,99.6488,33.758,1789457883,0,0,0,0,1789457883,1000,1,0600882909,1,0,0,318,2026-09-15 07:38:03,,,,,2026-09-15 07:38:03
6047595864523,100.2301,34.4703,100.2301,34.4703,1789433850,1789444800,1789433850,1789433850,1789433850,0,12000,2,\\N,0,0,0,0,2026-09-15 00:57:30,2026-09-15 04:00:00,2026-09-15 00:57:30,2026-09-15 00:57:30,2026-09-15 00:57:30,
8047595306630,100.2291,34.4684,100.229,34.4685,1789455879,0,0,0,0,1789455879,2100,1,0475840601,1,0,0,414,2026-09-15 07:04:39,,,,,2026-09-15 07:04:39
8047594707308,99.6488,33.758,99.6488,33.758,1789471579,0,0,0,0,1789471579,1000,1,0600882909,1,0,0,239,2026-09-15 11:26:19,,,,,2026-09-15 11:26:19
6047595845996,99.651,33.7539,99.651,33.7539,1789434757,1789452000,1789435736,1789435736,1789435736,1789435812,440,1,0755146964,0,1,0,117,2026-09-15 01:12:37,2026-09-15 06:00:00,2026-09-15 01:28:56,2026-09-15 01:28:56,2026-09-15 01:28:56,2026-09-15 01:30:12
6047595935399,100.2301,34.4703,100.2301,34.4703,1789433541,1789452000,1789433541,1789433541,1789433541,1789438266,1200,1,0586643499,0,1,0,136,2026-09-15 00:52:21,2026-09-15 06:00:00,2026-09-15 00:52:21,2026-09-15 00:52:21,2026-09-15 00:52:21,2026-09-15 02:11:06
6047595816401,100.2301,34.4703,100.2301,34.4703,1789446134,1789464600,1789446134,1789446134,1789446134,1789456897,6800,1,0752242651,0,1,1,257,2026-09-15 04:22:14,2026-09-15 09:30:00,2026-09-15 04:22:14,2026-09-15 04:22:14,2026-09-15 04:22:14,2026-09-15 07:21:37
8047595714501,100.229,34.4685,100.229,34.4685,1789441154,0,0,0,0,1789441154,1500,1,0757590820,1,0,0,145,2026-09-15 02:59:14,,,,,2026-09-15 02:59:14
6047595827736,100.738,32.9324,100.738,32.9324,1789442124,1789464600,1789442124,1789442124,1789442124,1789456875,272000,1,0613329616,0,1,1,66,2026-09-15 03:15:24,2026-09-15 09:30:00,2026-09-15 03:15:24,2026-09-15 03:15:24,2026-09-15 03:15:24,2026-09-15 07:21:15
6047595575573,100.2301,34.4703,100.2301,34.4703,1789466604,1789480800,1789466604,1789466604,1789466604,1789467215,500,1,0752242651,0,1,0,141,2026-09-15 10:03:24,2026-09-15 14:00:00,2026-09-15 10:03:24,2026-09-15 10:03:24,2026-09-15 10:03:24,2026-09-15 10:13:35
6047595819079,100.2301,34.4703,100.2301,34.4703,1789445017,1789480800,1789445017,1789445017,1789445017,1789448109,350,1,0731669509,0,1,0,117,2026-09-15 04:03:37,2026-09-15 14:00:00,2026-09-15 04:03:37,2026-09-15 04:03:37,2026-09-15 04:03:37,2026-09-15 04:55:09
6047595827758,100.738,32.9324,100.738,32.9324,1789442124,1789464600,1789442124,1789442124,1789442124,1789456875,272000,1,0613329616,0,1,1,66,2026-09-15 03:15:24,2026-09-15 09:30:00,2026-09-15 03:15:24,2026-09-15 03:15:24,2026-09-15 03:15:24,2026-09-15 07:21:15
6047595821895,100.2301,34.4703,100.2301,34.4703,1789444830,1789464600,1789444830,1789444830,1789444830,1789456377,1000,1,0729515412,0,1,1,119,2026-09-15 04:00:30,2026-09-15 09:30:00,2026-09-15 04:00:30,2026-09-15 04:00:30,2026-09-15 04:00:30,2026-09-15 07:12:57
6047595842288,99.9047,33.9653,99.9047,33.9653,1789435125,1789452000,1789435125,1789435125,1789435125,1789440633,450,1,0745296255,0,1,0,117,2026-09-15 01:18:45,2026-09-15 06:00:00,2026-09-15 01:18:45,2026-09-15 01:18:45,2026-09-15 01:18:45,2026-09-15 02:50:33
6047595936355,100.2301,34.4703,100.2301,34.4703,1789433571,1789452000,1789433571,1789433571,1789433571,1789439460,3200,1,0731669509,0,1,0,198,2026-09-15 00:52:51,2026-09-15 06:00:00,2026-09-15 00:52:51,2026-09-15 00:52:51,2026-09-15 00:52:51,2026-09-15 02:31:00
8047595307274,100.2291,34.4684,100.229,34.4685,1789455849,0,0,0,0,1789455849,1000,1,0475840601,1,0,0,239,2026-09-15 07:04:09,,,,,2026-09-15 07:04:09
6047595827735,100.738,32.9324,100.738,32.9324,1789442125,1789464600,1789442125,1789442125,1789442125,1789456875,272000,1,0613329616,0,1,1,66,2026-09-15 03:15:25,2026-09-15 09:30:00,2026-09-15 03:15:25,2026-09-15 03:15:25,2026-09-15 03:15:25,2026-09-15 07:21:15
8047595893872,100.229,34.4685,100.229,34.4685,1789438655,0,0,0,0,1789438655,1000,1,0757590820,1,0,0,179,2026-09-15 02:17:35,,,,,2026-09-15 02:17:35
6047595940011,100.2301,34.4703,100.2301,34.4703,1789433320,1789444800,1789433320,1789433320,1789433320,1789438924,1000,1,0731669509,0,1,0,166,2026-09-15 00:48:40,2026-09-15 04:00:00,2026-09-15 00:48:40,2026-09-15 00:48:40,2026-09-15 00:48:40,2026-09-15 02:22:04
6047595942143,100.2301,34.4703,100.2301,34.4703,1789433241,1789452000,1789433241,1789433241,1789433241,1789442833,720,1,0586643499,0,1,1,135,2026-09-15 00:47:21,2026-09-15 06:00:00,2026-09-15 00:47:21,2026-09-15 00:47:21,2026-09-15 00:47:21,2026-09-15 03:27:13
6047595828686,98.2098,34.9116,98.2098,34.9116,1789441585,1789452000,1789441585,1789441585,1789441585,0,3500,2,\\N,0,0,0,0,2026-09-15 03:06:25,2026-09-15 06:00:00,2026-09-15 03:06:25,2026-09-15 03:06:25,2026-09-15 03:06:25,
6047595827751,100.738,32.9324,100.738,32.9324,1789442124,1789464600,1789442124,1789442124,1789442124,1789456875,272000,1,0613329616,0,1,1,66,2026-09-15 03:15:24,2026-09-15 09:30:00,2026-09-15 03:15:24,2026-09-15 03:15:24,2026-09-15 03:15:24,2026-09-15 07:21:15
6047595931451,100.2301,34.4703,100.2301,34.4703,1789433734,1789437319,1789448918,1789448918,1789448918,0,400,2,\\N,0,0,0,0,2026-09-15 00:55:34,2026-09-15 01:55:19,2026-09-15 05:08:38,2026-09-15 05:08:38,2026-09-15 05:08:38,
8047595307164,100.2291,34.4684,100.229,34.4685,1789455856,0,0,0,0,1789455856,1000,1,0475840601,1,0,0,292,2026-09-15 07:04:16,,,,,2026-09-15 07:04:16
6047595829984,100.738,32.9324,100.738,32.9324,1789441808,1789480800,1789441808,1789441808,1789441808,1789444473,2700,1,0649086388,0,1,0,164,2026-09-15 03:10:08,2026-09-15 14:00:00,2026-09-15 03:10:08,2026-09-15 03:10:08,2026-09-15 03:10:08,2026-09-15 03:54:33
8047595714728,99.6488,33.758,99.6488,33.758,1789441158,0,0,0,0,1789441158,1000,1,0600882909,1,0,0,331,2026-09-15 02:59:18,,,,,2026-09-15 02:59:18
6047596066298,99.651,33.7539,99.651,33.7539,1789430835,1789452000,1789430835,1789430835,1789430835,0,100,2,\\N,0,0,0,0,2026-09-15 00:07:15,2026-09-15 06:00:00,2026-09-15 00:07:15,2026-09-15 00:07:15,2026-09-15 00:07:15,
8047595372620,100.2291,34.4684,100.229,34.4685,1789453686,0,0,0,0,1789453686,1500,1,0757590820,1,0,0,289,2026-09-15 06:28:06,,,,,2026-09-15 06:28:06
6047595821872,100.2301,34.4703,100.2301,34.4703,1789444833,1789464600,1789444833,1789444833,1789444833,1789454638,6800,1,0729515412,0,1,1,127,2026-09-15 04:00:33,2026-09-15 09:30:00,2026-09-15 04:00:33,2026-09-15 04:00:33,2026-09-15 04:00:33,2026-09-15 06:43:58
6047595821890,100.2301,34.4703,100.2301,34.4703,1789444829,1789452000,1789444829,1789444829,1789444829,1789457868,200,1,0729515412,0,0,1,117,2026-09-15 04:00:29,2026-09-15 06:00:00,2026-09-15 04:00:29,2026-09-15 04:00:29,2026-09-15 04:00:29,2026-09-15 07:37:48
6047595827338,100.738,32.9324,100.738,32.9324,1789441893,1789464600,1789441893,1789441893,1789441893,0,1000,2,\\N,0,0,0,0,2026-09-15 03:11:33,2026-09-15 09:30:00,2026-09-15 03:11:33,2026-09-15 03:11:33,2026-09-15 03:11:33,
6047595817263,100.2301,34.4703,100.2301,34.4703,1789446008,1789480800,1789446008,1789446008,1789446008,1789452071,530,1,0573276138,0,1,0,149,2026-09-15 04:20:08,2026-09-15 14:00:00,2026-09-15 04:20:08,2026-09-15 04:20:08,2026-09-15 04:20:08,2026-09-15 06:01:11
6047595943988,100.2301,34.4703,100.2301,34.4703,1789433147,1789452000,1789433147,1789433147,1789433147,1789436313,250,1,0475824345,0,1,0,117,2026-09-15 00:45:47,2026-09-15 06:00:00,2026-09-15 00:45:47,2026-09-15 00:45:47,2026-09-15 00:45:47,2026-09-15 01:38:33
6047595842409,99.9047,33.9653,99.9047,33.9653,1789435120,1789452000,1789435120,1789435120,1789435120,1789436973,240,1,0745296255,0,1,0,117,2026-09-15 01:18:40,2026-09-15 06:00:00,2026-09-15 01:18:40,2026-09-15 01:18:40,2026-09-15 01:18:40,2026-09-15 01:49:33
6047595829973,100.738,32.9324,100.738,32.9324,1789441809,1789464600,1789441810,1789441810,1789441810,1789455558,1000,1,0649086388,0,1,1,175,2026-09-15 03:10:09,2026-09-15 09:30:00,2026-09-15 03:10:10,2026-09-15 03:10:10,2026-09-15 03:10:10,2026-09-15 06:59:18
6047595939225,100.2301,34.4703,100.2301,34.4703,1789433331,1789444800,1789433331,1789433331,1789433331,1789438672,5000,1,0729515412,0,1,0,240,2026-09-15 00:48:51,2026-09-15 04:00:00,2026-09-15 00:48:51,2026-09-15 00:48:51,2026-09-15 00:48:51,2026-09-15 02:17:52
6047595946752,99.9047,33.9653,99.9047,33.9653,1789433140,1789447800,1789433140,1789433140,1789433140,1789433990,2050000,1,0745296255,0,1,0,252,2026-09-15 00:45:40,2026-09-15 04:50:00,2026-09-15 00:45:40,2026-09-15 00:45:40,2026-09-15 00:45:40,2026-09-15 00:59:50
6047595832527,98.2098,34.9116,98.2098,34.9116,1789441335,1789454400,1789441335,1789441335,1789441335,0,7000,2,\\N,0,0,0,0,2026-09-15 03:02:15,2026-09-15 06:40:00,2026-09-15 03:02:15,2026-09-15 03:02:15,2026-09-15 03:02:15,
6047595842006,99.9047,33.9653,99.9047,33.9653,1789435112,1789444800,1789435474,1789435474,1789435474,0,4000,2,\\N,0,0,0,0,2026-09-15 01:18:32,2026-09-15 04:00:00,2026-09-15 01:24:34,2026-09-15 01:24:34,2026-09-15 01:24:34,
6047595826892,98.2098,34.9116,98.2098,34.9116,1789442000,1789454400,1789442000,1789442000,1789442000,1789455504,1000,1,0751983537,0,0,1,147,2026-09-15 03:13:20,2026-09-15 06:40:00,2026-09-15 03:13:20,2026-09-15 03:13:20,2026-09-15 03:13:20,2026-09-15 06:58:24
6047595842606,99.651,33.7539,99.651,33.7539,1789435087,1789452000,1789435087,1789435087,1789435087,1789448044,1100,1,0750298548,0,1,1,156,2026-09-15 01:18:07,2026-09-15 06:00:00,2026-09-15 01:18:07,2026-09-15 01:18:07,2026-09-15 01:18:07,2026-09-15 04:54:04
6047595837951,99.651,33.7539,99.651,33.7539,1789435395,1789452000,1789435395,1789435395,1789435395,1789448969,2100,1,0755146964,0,1,1,203,2026-09-15 01:23:15,2026-09-15 06:00:00,2026-09-15 01:23:15,2026-09-15 01:23:15,2026-09-15 01:23:15,2026-09-15 05:09:29
6047595821896,100.2301,34.4703,100.2301,34.4703,1789444826,1789480800,1789444826,1789444826,1789444826,0,3400,2,\\N,0,0,0,0,2026-09-15 04:00:26,2026-09-15 14:00:00,2026-09-15 04:00:26,2026-09-15 04:00:26,2026-09-15 04:00:26,
6047595931077,100.2301,34.4703,100.2301,34.4703,1789433730,1789452000,1789433730,1789433730,1789433730,0,1700,2,\\N,0,0,0,0,2026-09-15 00:55:30,2026-09-15 06:00:00,2026-09-15 00:55:30,2026-09-15 00:55:30,2026-09-15 00:55:30,
8047595442259,100.7434,32.9289,100.7429,32.9285,1789448261,0,0,0,0,1789448261,29000,1,0613329616,1,0,0,741,2026-09-15 04:57:41,,,,,2026-09-15 04:57:41
6047595931026,100.2301,34.4703,100.2301,34.4703,1789433732,1789444800,1789433732,1789433732,1789433732,1789441274,6400,1,0586643499,0,1,0,248,2026-09-15 00:55:32,2026-09-15 04:00:00,2026-09-15 00:55:32,2026-09-15 00:55:32,2026-09-15 00:55:32,2026-09-15 03:01:14
6047595830003,100.738,32.9324,100.738,32.9324,1789441807,1789464600,1789441807,1789441807,1789441807,1789444858,1000,1,0649086388,0,1,0,212,2026-09-15 03:10:07,2026-09-15 09:30:00,2026-09-15 03:10:07,2026-09-15 03:10:07,2026-09-15 03:10:07,2026-09-15 04:00:58
6047595949575,100.2301,34.4703,100.2301,34.4703,1789432966,1789452000,1789432966,1789432966,1789432966,0,470,2,\\N,0,0,0,0,2026-09-15 00:42:46,2026-09-15 06:00:00,2026-09-15 00:42:46,2026-09-15 00:42:46,2026-09-15 00:42:46,
6047595955419,100.2301,34.4703,100.2301,34.4703,1789432851,1789452000,1789432851,1789432851,1789432851,1789442797,6700,1,0731669509,0,1,1,238,2026-09-15 00:40:51,2026-09-15 06:00:00,2026-09-15 00:40:51,2026-09-15 00:40:51,2026-09-15 00:40:51,2026-09-15 03:26:37
6047596066401,99.651,33.7539,99.651,33.7539,1789430835,1789452000,1789430835,1789430835,1789430835,0,400,2,\\N,0,0,0,0,2026-09-15 00:07:15,2026-09-15 06:00:00,2026-09-15 00:07:15,2026-09-15 00:07:15,2026-09-15 00:07:15,
6047595846011,99.651,33.7539,99.651,33.7539,1789434756,1789447500,1789434756,1789434756,1789434756,1789455752,1000,1,0722476819,0,0,1,185,2026-09-15 01:12:36,2026-09-15 04:45:00,2026-09-15 01:12:36,2026-09-15 01:12:36,2026-09-15 01:12:36,2026-09-15 07:02:32
8047595709167,100.7434,32.9289,100.7429,32.9285,1789441285,0,0,0,0,1789441285,12000,1,0613329616,1,0,0,531,2026-09-15 03:01:25,,,,,2026-09-15 03:01:25
6047595939839,100.2301,34.4703,100.2301,34.4703,1789433310,1789452000,1789433310,1789433310,1789433310,1789436377,2000,1,0752242651,0,1,0,172,2026-09-15 00:48:30,2026-09-15 06:00:00,2026-09-15 00:48:30,2026-09-15 00:48:30,2026-09-15 00:48:30,2026-09-15 01:39:37
6047595822111,100.2301,34.4703,100.2301,34.4703,1789444259,1789480800,1789444259,1789444259,1789444259,1789449157,640,1,0475824345,0,1,0,149,2026-09-15 03:50:59,2026-09-15 14:00:00,2026-09-15 03:50:59,2026-09-15 03:50:59,2026-09-15 03:50:59,2026-09-15 05:12:37
6047595820180,100.2301,34.4703,100.2301,34.4703,1789445648,1789464600,1789445648,1789445648,1789445648,1789451908,1000,1,0573276138,0,1,0,157,2026-09-15 04:14:08,2026-09-15 09:30:00,2026-09-15 04:14:08,2026-09-15 04:14:08,2026-09-15 04:14:08,2026-09-15 05:58:28
8047595101231,99.9047,33.9653,99.9045,33.9651,1789461258,0,0,0,0,1789461258,1000,1,0743559826,1,0,0,239,2026-09-15 08:34:18,,,,,2026-09-15 08:34:18
6047595827738,100.738,32.9324,100.738,32.9324,1789442124,1789464600,1789442124,1789442124,1789442124,1789456875,272000,1,0613329616,0,1,1,66,2026-09-15 03:15:24,2026-09-15 09:30:00,2026-09-15 03:15:24,2026-09-15 03:15:24,2026-09-15 03:15:24,2026-09-15 07:21:15
6047595830014,100.738,32.9324,100.738,32.9324,1789441807,1789464600,1789444857,1789444857,1789444857,1789444883,1000,1,0613329616,0,1,0,212,2026-09-15 03:10:07,2026-09-15 09:30:00,2026-09-15 04:00:57,2026-09-15 04:00:57,2026-09-15 04:00:57,2026-09-15 04:01:23
6047595842145,99.9047,33.9653,99.9047,33.9653,1789435108,1789444800,1789435108,1789435108,1789435108,1789437964,1000,1,0743559826,0,1,0,175,2026-09-15 01:18:28,2026-09-15 04:00:00,2026-09-15 01:18:28,2026-09-15 01:18:28,2026-09-15 01:18:28,2026-09-15 02:06:04
6047595827355,100.738,32.9324,100.738,32.9324,1789441890,1789464600,1789441890,1789441890,1789441890,1789448491,1000,1,0613329616,0,1,0,175,2026-09-15 03:11:30,2026-09-15 09:30:00,2026-09-15 03:11:30,2026-09-15 03:11:30,2026-09-15 03:11:30,2026-09-15 05:01:31
6047595837969,99.651,33.7539,99.651,33.7539,1789435393,1789447500,1789435393,1789435393,1789435393,1789446798,1000,1,0755146964,0,1,1,203,2026-09-15 01:23:13,2026-09-15 04:45:00,2026-09-15 01:23:13,2026-09-15 01:23:13,2026-09-15 01:23:13,2026-09-15 04:33:18
6047595822108,100.2301,34.4703,100.2301,34.4703,1789444257,1789464600,1789444257,1789444257,1789444257,1789455475,1000,1,0729515412,0,1,1,157,2026-09-15 03:50:57,2026-09-15 09:30:00,2026-09-15 03:50:57,2026-09-15 03:50:57,2026-09-15 03:50:57,2026-09-15 06:57:55
6047595827780,100.738,32.9324,100.738,32.9324,1789442122,1789464600,1789442122,1789442122,1789442122,1789456875,272000,1,0613329616,0,1,1,66,2026-09-15 03:15:22,2026-09-15 09:30:00,2026-09-15 03:15:22,2026-09-15 03:15:22,2026-09-15 03:15:22,2026-09-15 07:21:15
6047595837833,99.651,33.7539,99.651,33.7539,1789435405,1789452300,1789435405,1789435405,1789435405,1789438369,5900,1,0755146964,0,1,0,265,2026-09-15 01:23:25,2026-09-15 06:05:00,2026-09-15 01:23:25,2026-09-15 01:23:25,2026-09-15 01:23:25,2026-09-15 02:12:49
6047595660055,100.738,32.9324,100.738,32.9324,1789455203,1789464600,1789455203,1789455203,1789455203,0,5500,2,\\N,0,0,0,0,2026-09-15 06:53:23,2026-09-15 09:30:00,2026-09-15 06:53:23,2026-09-15 06:53:23,2026-09-15 06:53:23,
6047595818938,100.2301,34.4703,100.2301,34.4703,1789445081,1789464600,1789445081,1789445081,1789445081,1789458028,1000,1,0729515412,0,1,1,119,2026-09-15 04:04:41,2026-09-15 09:30:00,2026-09-15 04:04:41,2026-09-15 04:04:41,2026-09-15 04:04:41,2026-09-15 07:40:28
6047595940194,100.2301,34.4703,100.2301,34.4703,1789433313,1789444800,1789433313,1789433313,1789433313,1789436424,16000,1,0752242651,0,1,0,213,2026-09-15 00:48:33,2026-09-15 04:00:00,2026-09-15 00:48:33,2026-09-15 00:48:33,2026-09-15 00:48:33,2026-09-15 01:40:24
6047595828598,98.2098,34.9116,98.2098,34.9116,1789442069,1789454400,1789442069,1789442069,1789442069,0,1000,2,\\N,0,0,0,0,2026-09-15 03:14:29,2026-09-15 06:40:00,2026-09-15 03:14:29,2026-09-15 03:14:29,2026-09-15 03:14:29,
6047595837930,99.651,33.7539,99.651,33.7539,1789435396,1789447500,1789435396,1789435396,1789435396,1789450331,1000,1,0755146964,0,0,1,157,2026-09-15 01:23:16,2026-09-15 04:45:00,2026-09-15 01:23:16,2026-09-15 01:23:16,2026-09-15 01:23:16,2026-09-15 05:32:11
6047595940124,100.2301,34.4703,100.2301,34.4703,1789433316,1789452000,1789433316,1789433316,1789433316,1789442802,490,1,0573276138,0,1,1,117,2026-09-15 00:48:36,2026-09-15 06:00:00,2026-09-15 00:48:36,2026-09-15 00:48:36,2026-09-15 00:48:36,2026-09-15 03:26:42
6047595842077,99.9047,33.9653,99.9047,33.9653,1789435110,1789452000,1789435110,1789435110,1789435110,1789438818,2100,1,0743559826,0,1,0,170,2026-09-15 01:18:30,2026-09-15 06:00:00,2026-09-15 01:18:30,2026-09-15 01:18:30,2026-09-15 01:18:30,2026-09-15 02:20:18
6047595937743,100.2301,34.4703,100.2301,34.4703,1789433411,1789444800,1789433411,1789433411,1789433411,1789439408,7200,1,0752242651,0,1,0,281,2026-09-15 00:50:11,2026-09-15 04:00:00,2026-09-15 00:50:11,2026-09-15 00:50:11,2026-09-15 00:50:11,2026-09-15 02:30:08
6047595842601,99.651,33.7539,99.651,33.7539,1789435087,1789452000,1789435087,1789435087,1789435087,1789443691,2000,1,0750298548,0,1,1,185,2026-09-15 01:18:07,2026-09-15 06:00:00,2026-09-15 01:18:07,2026-09-15 01:18:07,2026-09-15 01:18:07,2026-09-15 03:41:31
8047595445428,100.7434,32.9289,100.7429,32.9285,1789448246,0,0,0,0,1789448246,26000,1,0613329616,1,0,0,686,2026-09-15 04:57:26,,,,,2026-09-15 04:57:26
6047595574961,100.2301,34.4703,100.2301,34.4703,1789466701,1789470294,1789466701,1789466701,1789466701,1789467643,1000,1,0752242651,0,1,0,147,2026-09-15 10:05:01,2026-09-15 11:04:54,2026-09-15 10:05:01,2026-09-15 10:05:01,2026-09-15 10:05:01,2026-09-15 10:20:43
6047595842462,99.651,33.7539,99.651,33.7539,1789435092,1789447500,1789435092,1789435092,1789435092,1789442357,2500,1,0750298548,0,1,0,163,2026-09-15 01:18:12,2026-09-15 04:45:00,2026-09-15 01:18:12,2026-09-15 01:18:12,2026-09-15 01:18:12,2026-09-15 03:19:17
6047595827786,100.738,32.9324,100.738,32.9324,1789442121,1789464600,1789442121,1789442121,1789442121,1789456875,272000,1,0613329616,0,1,1,66,2026-09-15 03:15:21,2026-09-15 09:30:00,2026-09-15 03:15:21,2026-09-15 03:15:21,2026-09-15 03:15:21,2026-09-15 07:21:15
6047595636985,100.2301,34.4703,100.2301,34.4703,1789456749,1789464600,1789456749,1789456749,1789456749,1789457192,1200,1,0729515412,0,1,0,188,2026-09-15 07:19:09,2026-09-15 09:30:00,2026-09-15 07:19:09,2026-09-15 07:19:09,2026-09-15 07:19:09,2026-09-15 07:26:32
8047595412748,100.7434,32.9289,100.7429,32.9285,1789452191,0,0,0,0,1789452191,1000,1,0613329616,1,0,0,177,2026-09-15 06:03:11,,,,,2026-09-15 06:03:11
6047595944673,100.2301,34.4703,100.2301,34.4703,1789433225,1789452000,1789433225,1789433225,1789433225,1789440248,1300,1,0729515412,0,1,0,138,2026-09-15 00:47:05,2026-09-15 06:00:00,2026-09-15 00:47:05,2026-09-15 00:47:05,2026-09-15 00:47:05,2026-09-15 02:44:08
6047595841373,99.651,33.7539,99.651,33.7539,1789435066,1789447500,1789435066,1789435066,1789435066,1789440651,1000,1,0756924451,0,1,0,203,2026-09-15 01:17:46,2026-09-15 04:45:00,2026-09-15 01:17:46,2026-09-15 01:17:46,2026-09-15 01:17:46,2026-09-15 02:50:51
8047595709160,100.7434,32.9289,100.7429,32.9285,1789441285,0,0,0,0,1789441285,1000,1,0613329616,1,0,0,286,2026-09-15 03:01:25,,,,,2026-09-15 03:01:25
6047595840925,99.651,33.7539,99.651,33.7539,1789435062,1789452000,1789435062,1789435062,1789435062,1789440003,370,1,0756924451,0,1,0,117,2026-09-15 01:17:42,2026-09-15 06:00:00,2026-09-15 01:17:42,2026-09-15 01:17:42,2026-09-15 01:17:42,2026-09-15 02:40:03
6047595844877,99.651,33.7539,99.651,33.7539,1789434969,1789466400,1789434969,1789434969,1789434969,1789455052,75000,1,0722476819,0,1,1,273,2026-09-15 01:16:09,2026-09-15 10:00:00,2026-09-15 01:16:09,2026-09-15 01:16:09,2026-09-15 01:16:09,2026-09-15 06:50:52
6047595940136,100.2301,34.4703,100.2301,34.4703,1789433316,1789452000,1789433316,1789433316,1789433316,1789440261,500,1,0573276138,0,1,0,135,2026-09-15 00:48:36,2026-09-15 06:00:00,2026-09-15 00:48:36,2026-09-15 00:48:36,2026-09-15 00:48:36,2026-09-15 02:44:21
6047595844578,99.9047,33.9653,99.9047,33.9653,1789434960,1789452000,1789439141,1789439141,1789439141,1789440489,12000,1,0745296255,0,1,0,396,2026-09-15 01:16:00,2026-09-15 06:00:00,2026-09-15 02:25:41,2026-09-15 02:25:41,2026-09-15 02:25:41,2026-09-15 02:48:09
6047595841349,99.651,33.7539,99.651,33.7539,1789435068,1789452000,1789435068,1789435068,1789435068,1789438043,5200,1,0756924451,0,1,0,236,2026-09-15 01:17:48,2026-09-15 06:00:00,2026-09-15 01:17:48,2026-09-15 01:17:48,2026-09-15 01:17:48,2026-09-15 02:07:23
6047595826894,98.2098,34.9116,98.2098,34.9116,1789442001,1789454400,1789442001,1789442001,1789442001,0,500,2,\\N,0,0,0,0,2026-09-15 03:13:21,2026-09-15 06:40:00,2026-09-15 03:13:21,2026-09-15 03:13:21,2026-09-15 03:13:21,
6047595767408,98.2098,34.9116,98.2098,34.9116,1789440870,1789454400,1789440871,1789440871,1789440871,1789451983,11000,1,0751983537,0,1,1,343,2026-09-15 02:54:30,2026-09-15 06:40:00,2026-09-15 02:54:31,2026-09-15 02:54:31,2026-09-15 02:54:31,2026-09-15 05:59:43
6047596066565,99.651,33.7539,99.651,33.7539,1789430838,1789452000,1789430838,1789430838,1789430838,1789445485,200,1,0722476819,0,1,1,117,2026-09-15 00:07:18,2026-09-15 06:00:00,2026-09-15 00:07:18,2026-09-15 00:07:18,2026-09-15 00:07:18,2026-09-15 04:11:25
8047594750376,99.6488,33.758,99.6488,33.758,1789468147,0,0,0,0,1789468147,1000,1,0600882909,1,0,0,239,2026-09-15 10:29:07,,,,,2026-09-15 10:29:07
8047594730904,100.7434,32.9289,100.7429,32.9285,1789468508,0,0,0,0,1789468509,1000,1,0613329616,1,0,0,305,2026-09-15 10:35:08,,,,,2026-09-15 10:35:09
6047595631174,99.6488,33.758,99.6488,33.758,1789471012,1789624800,1789471012,1789471012,1789471012,1789471111,400,1,0722476819,0,1,0,149,2026-09-15 11:16:52,2026-09-17 06:00:00,2026-09-15 11:16:52,2026-09-15 11:16:52,2026-09-15 11:16:52,2026-09-15 11:18:31
6047595842068,99.9047,33.9653,99.9047,33.9653,1789435110,1789444800,1789435429,1789435429,1789435429,1789462556,1000,1,0745296255,0,0,1,166,2026-09-15 01:18:30,2026-09-15 04:00:00,2026-09-15 01:23:49,2026-09-15 01:23:49,2026-09-15 01:23:49,2026-09-15 08:55:56
6047595837917,99.651,33.7539,99.651,33.7539,1789435396,1789447500,1789435397,1789435397,1789435397,1789442320,1000,1,0755146964,0,1,0,185,2026-09-15 01:23:16,2026-09-15 04:45:00,2026-09-15 01:23:17,2026-09-15 01:23:17,2026-09-15 01:23:17,2026-09-15 03:18:40
6047595829952,100.738,32.9324,100.738,32.9324,1789441812,1789480800,1789441812,1789441812,1789441812,1789453475,2800,1,0649086388,0,1,1,224,2026-09-15 03:10:12,2026-09-15 14:00:00,2026-09-15 03:10:12,2026-09-15 03:10:12,2026-09-15 03:10:12,2026-09-15 06:24:35
6047595879320,99.651,33.7539,99.651,33.7539,1789437045,1789440636,1789437045,1789437045,1789437045,1789437081,400,1,0722476819,0,1,0,117,2026-09-15 01:50:45,2026-09-15 02:50:36,2026-09-15 01:50:45,2026-09-15 01:50:45,2026-09-15 01:50:45,2026-09-15 01:51:21
8047594726510,100.2291,34.4684,100.229,34.4685,1789468654,0,0,0,0,1789468654,12500,1,0757590820,1,0,0,548,2026-09-15 10:37:34,,,,,2026-09-15 10:37:34
6047595827755,100.738,32.9324,100.738,32.9324,1789442124,1789464600,1789442124,1789442124,1789442124,1789456875,272000,1,0613329616,0,1,1,66,2026-09-15 03:15:24,2026-09-15 09:30:00,2026-09-15 03:15:24,2026-09-15 03:15:24,2026-09-15 03:15:24,2026-09-15 07:21:15
8047595399980,99.9047,33.9653,99.9045,33.9651,1789450199,0,0,0,0,1789450199,1000,1,0745296255,1,0,0,239,2026-09-15 05:29:59,,,,,2026-09-15 05:29:59
8047594733997,100.7434,32.9289,100.7429,32.9285,1789468482,0,0,0,0,1789468482,1000,1,0613329616,1,0,0,239,2026-09-15 10:34:42,,,,,2026-09-15 10:34:42
6047595959094,100.2301,34.4703,100.2301,34.4703,1789432735,1789466400,1789432735,1789432735,1789432735,1789439690,36000,1,0525201215,0,1,0,695,2026-09-15 00:38:55,2026-09-15 10:00:00,2026-09-15 00:38:55,2026-09-15 00:38:55,2026-09-15 00:38:55,2026-09-15 02:34:50
6047595829964,100.738,32.9324,100.738,32.9324,1789441811,1789464600,1789441811,1789441811,1789441811,1789454409,1500,1,0649086388,0,1,1,157,2026-09-15 03:10:11,2026-09-15 09:30:00,2026-09-15 03:10:11,2026-09-15 03:10:11,2026-09-15 03:10:11,2026-09-15 06:40:09
6047595842054,99.9047,33.9653,99.9047,33.9653,1789435110,1789444800,1789435120,1789435120,1789435120,0,1400,2,\\N,0,0,0,0,2026-09-15 01:18:30,2026-09-15 04:00:00,2026-09-15 01:18:40,2026-09-15 01:18:40,2026-09-15 01:18:40,
6047595841346,99.651,33.7539,99.651,33.7539,1789435068,1789447500,1789435068,1789435068,1789435068,1789438221,1000,1,0756924451,0,1,0,185,2026-09-15 01:17:48,2026-09-15 04:45:00,2026-09-15 01:17:48,2026-09-15 01:17:48,2026-09-15 01:17:48,2026-09-15 02:10:21
6047595589902,99.651,33.7539,99.651,33.7539,1789463879,1789467462,1789463879,1789463879,1789463879,1789465901,1000,1,0750298548,0,1,0,166,2026-09-15 09:17:59,2026-09-15 10:17:42,2026-09-15 09:17:59,2026-09-15 09:17:59,2026-09-15 09:17:59,2026-09-15 09:51:41
6047595826897,98.2098,34.9116,98.2098,34.9116,1789441996,1789454400,1789441996,1789441996,1789441996,1789448859,1000,1,0751983537,0,1,0,166,2026-09-15 03:13:16,2026-09-15 06:40:00,2026-09-15 03:13:16,2026-09-15 03:13:16,2026-09-15 03:13:16,2026-09-15 05:07:39
6047595827364,100.738,32.9324,100.738,32.9324,1789441890,1789480800,1789441890,1789441890,1789441890,1789448858,120,1,0613329616,0,1,0,117,2026-09-15 03:11:30,2026-09-15 14:00:00,2026-09-15 03:11:30,2026-09-15 03:11:30,2026-09-15 03:11:30,2026-09-15 05:07:38
6047595821897,100.2301,34.4703,100.2301,34.4703,1789444826,1789480800,1789444826,1789444826,1789444826,1789458067,1100,1,0729515412,0,1,1,109,2026-09-15 04:00:26,2026-09-15 14:00:00,2026-09-15 04:00:26,2026-09-15 04:00:26,2026-09-15 04:00:26,2026-09-15 07:41:07
3.752776574028554e+18,100.2356,34.4817,100.2356,34.4817,1789463316,0,0,0,0,0,1000,3,\\N,0,0,0,0,2026-09-15 09:08:36,,,,,
6047595840936,99.651,33.7539,99.651,33.7539,1789435061,1789452000,1789435061,1789435061,1789435061,1789438779,2200,1,0756924451,0,1,0,188,2026-09-15 01:17:41,2026-09-15 06:00:00,2026-09-15 01:17:41,2026-09-15 01:17:41,2026-09-15 01:17:41,2026-09-15 02:19:39
8047595248211,100.2291,34.4684,98.2062,34.9135,1789455639,0,0,0,0,1789455639,1000,1,0751983537,1,0,0,239,2026-09-15 07:00:39,,,,,2026-09-15 07:00:39
6047595939165,100.2301,34.4703,100.2301,34.4703,1789433462,1789444800,1789433462,1789433462,1789433462,1789439015,1000,1,0731669509,0,1,0,166,2026-09-15 00:51:02,2026-09-15 04:00:00,2026-09-15 00:51:02,2026-09-15 00:51:02,2026-09-15 00:51:02,2026-09-15 02:23:35
6047595820203,100.2301,34.4703,100.2301,34.4703,1789445639,1789464600,1789445639,1789445639,1789445639,1789450959,1000,1,0573276138,0,1,0,166,2026-09-15 04:13:59,2026-09-15 09:30:00,2026-09-15 04:13:59,2026-09-15 04:13:59,2026-09-15 04:13:59,2026-09-15 05:42:39
6047595827372,100.738,32.9324,100.738,32.9324,1789441888,1789480800,1789441888,1789441888,1789441888,0,2700,2,\\N,0,0,0,0,2026-09-15 03:11:28,2026-09-15 14:00:00,2026-09-15 03:11:28,2026-09-15 03:11:28,2026-09-15 03:11:28,
6047595842459,99.651,33.7539,99.651,33.7539,1789435091,1789447500,1789435091,1789435091,1789435091,1789440853,18500,1,0750298548,0,1,0,250,2026-09-15 01:18:11,2026-09-15 04:45:00,2026-09-15 01:18:11,2026-09-15 01:18:11,2026-09-15 01:18:11,2026-09-15 02:54:13
6047595940282,100.2301,34.4703,100.2301,34.4703,1789433384,1789444800,1789433384,1789433384,1789433384,1789436424,16000,1,0752242651,0,1,0,213,2026-09-15 00:49:44,2026-09-15 04:00:00,2026-09-15 00:49:44,2026-09-15 00:49:44,2026-09-15 00:49:44,2026-09-15 01:40:24
6047595942578,100.2301,34.4703,100.2301,34.4703,1789433306,1789452000,1789433306,1789433306,1789433306,0,1000,2,\\N,0,0,0,0,2026-09-15 00:48:26,2026-09-15 06:00:00,2026-09-15 00:48:26,2026-09-15 00:48:26,2026-09-15 00:48:26,
6047825622514,100.2301,34.4703,100.2301,34.4703,1788866265,1788926400,1788866265,1788866265,1788866265,0,1000,2,\\N,0,0,0,0,2026-09-08 11:17:45,2026-09-09 04:00:00,2026-09-08 11:17:45,2026-09-08 11:17:45,2026-09-08 11:17:45,
6047595943973,100.2301,34.4703,100.2301,34.4703,1789433149,1789444800,1789433149,1789433149,1789433149,1789439361,1000,1,0475824345,0,1,0,147,2026-09-15 00:45:49,2026-09-15 04:00:00,2026-09-15 00:45:49,2026-09-15 00:45:49,2026-09-15 00:45:49,2026-09-15 02:29:21
8047595789022,100.229,34.4685,100.229,34.4685,1789439895,0,0,0,0,1789439895,4500,1,0757590820,1,0,0,199,2026-09-15 02:38:15,,,,,2026-09-15 02:38:15
6047595944019,100.2301,34.4703,100.2301,34.4703,1789433146,1789452000,1789433146,1789433146,1789433146,1789438286,130,1,0475824345,0,1,0,117,2026-09-15 00:45:46,2026-09-15 06:00:00,2026-09-15 00:45:46,2026-09-15 00:45:46,2026-09-15 00:45:46,2026-09-15 02:11:26
6047595842074,99.9047,33.9653,99.9047,33.9653,1789435110,1789444800,1789435110,1789435110,1789435110,1789438896,1500,1,0743559826,0,1,0,175,2026-09-15 01:18:30,2026-09-15 04:00:00,2026-09-15 01:18:30,2026-09-15 01:18:30,2026-09-15 01:18:30,2026-09-15 02:21:36
6047595844582,99.9047,33.9653,99.9047,33.9653,1789434960,1789444800,1789434960,1789434960,1789434960,1789438992,1000,1,0745296255,0,1,0,166,2026-09-15 01:16:00,2026-09-15 04:00:00,2026-09-15 01:16:00,2026-09-15 01:16:00,2026-09-15 01:16:00,2026-09-15 02:23:12
8047595706465,100.7434,32.9289,100.7429,32.9285,1789441287,0,0,0,0,1789441287,1000,1,0613329616,1,0,0,321,2026-09-15 03:01:27,,,,,2026-09-15 03:01:27
8047594747292,100.2291,34.4684,100.229,34.4685,1789468161,0,0,0,0,1789468161,26000,1,0525201215,1,0,0,1047,2026-09-15 10:29:21,,,,,2026-09-15 10:29:21
6047595817040,100.2301,34.4703,100.2301,34.4703,1789445833,1789464600,1789445833,1789445833,1789445833,1789461171,2500,1,0752242651,0,1,1,175,2026-09-15 04:17:13,2026-09-15 09:30:00,2026-09-15 04:17:13,2026-09-15 04:17:13,2026-09-15 04:17:13,2026-09-15 08:32:51
8047594694903,99.6488,33.758,99.6488,33.758,1789471846,0,0,0,0,1789471846,1000,1,0600882909,1,0,0,290,2026-09-15 11:30:46,,,,,2026-09-15 11:30:46
6047595851376,100.6256,33.7266,100.6256,33.7266,1789434382,1789450200,1789434382,1789434382,1789434382,1789437086,68500,1,0678203599,0,1,0,312,2026-09-15 01:06:22,2026-09-15 05:30:00,2026-09-15 01:06:22,2026-09-15 01:06:22,2026-09-15 01:06:22,2026-09-15 01:51:26
6047595842647,99.651,33.7539,99.651,33.7539,1789435086,1789452000,1789435086,1789435086,1789435086,1789441059,420,1,0750298548,0,1,0,117,2026-09-15 01:18:06,2026-09-15 06:00:00,2026-09-15 01:18:06,2026-09-15 01:18:06,2026-09-15 01:18:06,2026-09-15 02:57:39
6047595827783,100.738,32.9324,100.738,32.9324,1789442122,1789464600,1789442123,1789442123,1789442123,1789456875,272000,1,0613329616,0,1,1,66,2026-09-15 03:15:22,2026-09-15 09:30:00,2026-09-15 03:15:23,2026-09-15 03:15:23,2026-09-15 03:15:23,2026-09-15 07:21:15
6047595816480,100.2301,34.4703,100.2301,34.4703,1789446094,1789464600,1789446094,1789446094,1789446094,1789455871,1000,1,0586643499,0,1,1,147,2026-09-15 04:21:34,2026-09-15 09:30:00,2026-09-15 04:21:34,2026-09-15 04:21:34,2026-09-15 04:21:34,2026-09-15 07:04:31
6047595844564,99.9047,33.9653,99.9047,33.9653,1789434962,1789452000,1789434962,1789434962,1789434962,1789437761,2300,1,0745296255,0,1,0,190,2026-09-15 01:16:02,2026-09-15 06:00:00,2026-09-15 01:16:02,2026-09-15 01:16:02,2026-09-15 01:16:02,2026-09-15 02:02:41
8047594734387,100.7434,32.9289,100.7429,32.9285,1789468485,0,0,0,0,1789468485,1000,1,0613329616,1,0,0,296,2026-09-15 10:34:45,,,,,2026-09-15 10:34:45
6047595827363,100.738,32.9324,100.738,32.9324,1789441889,1789480800,1789441889,1789441889,1789441889,1789454022,500,1,0613329616,0,1,1,117,2026-09-15 03:11:29,2026-09-15 14:00:00,2026-09-15 03:11:29,2026-09-15 03:11:29,2026-09-15 03:11:29,2026-09-15 06:33:42
8047595363123,99.6488,33.758,99.6488,33.758,1789454018,0,0,0,0,1789454018,2200,1,0600882909,1,0,0,363,2026-09-15 06:33:38,,,,,2026-09-15 06:33:38
6047595594312,100.2301,34.4703,100.2301,34.4703,1789463457,1789480800,1789463457,1789463457,1789463457,1789463504,1000,1,0752242651,0,1,0,141,2026-09-15 09:10:57,2026-09-15 14:00:00,2026-09-15 09:10:57,2026-09-15 09:10:57,2026-09-15 09:10:57,2026-09-15 09:11:44
6047595944791,100.2301,34.4703,100.2301,34.4703,1789433222,1789452000,1789433222,1789433222,1789433222,1789437113,2100,1,0729515412,0,1,0,170,2026-09-15 00:47:02,2026-09-15 06:00:00,2026-09-15 00:47:02,2026-09-15 00:47:02,2026-09-15 00:47:02,2026-09-15 01:51:53
6047595939918,100.2301,34.4703,100.2301,34.4703,1789433309,1789444800,1789433309,1789433309,1789433309,1789440402,1000,1,0752242651,0,1,0,147,2026-09-15 00:48:29,2026-09-15 04:00:00,2026-09-15 00:48:29,2026-09-15 00:48:29,2026-09-15 00:48:29,2026-09-15 02:46:42
6047595830019,100.738,32.9324,100.738,32.9324,1789441806,1789462200,1789441806,1789441806,1789441806,1789446501,1800,1,0649086388,0,1,0,255,2026-09-15 03:10:06,2026-09-15 08:50:00,2026-09-15 03:10:06,2026-09-15 03:10:06,2026-09-15 03:10:06,2026-09-15 04:28:21
6047595943990,100.2301,34.4703,100.2301,34.4703,1789433147,1789452000,1789433148,1789433148,1789433148,1789437358,1700,1,0475824345,0,1,0,148,2026-09-15 00:45:47,2026-09-15 06:00:00,2026-09-15 00:45:48,2026-09-15 00:45:48,2026-09-15 00:45:48,2026-09-15 01:55:58
6047595842662,99.651,33.7539,99.651,33.7539,1789435085,1789452000,1789435085,1789435085,1789435085,1789446309,2100,1,0750298548,0,1,1,170,2026-09-15 01:18:05,2026-09-15 06:00:00,2026-09-15 01:18:05,2026-09-15 01:18:05,2026-09-15 01:18:05,2026-09-15 04:25:09
6047595830005,100.738,32.9324,100.738,32.9324,1789441807,1789480800,1789441807,1789441807,1789441807,1789443900,2300,1,0649086388,0,1,0,165,2026-09-15 03:10:07,2026-09-15 14:00:00,2026-09-15 03:10:07,2026-09-15 03:10:07,2026-09-15 03:10:07,2026-09-15 03:45:00
6047595827360,100.738,32.9324,100.738,32.9324,1789441889,1789464600,1789441889,1789441889,1789441889,1789449100,3100,1,0613329616,0,1,0,186,2026-09-15 03:11:29,2026-09-15 09:30:00,2026-09-15 03:11:29,2026-09-15 03:11:29,2026-09-15 03:11:29,2026-09-15 05:11:40
6047595842048,99.9047,33.9653,99.9047,33.9653,1789435110,1789452000,1789435110,1789435110,1789435110,1789438922,990,1,0743559826,0,1,0,149,2026-09-15 01:18:30,2026-09-15 06:00:00,2026-09-15 01:18:30,2026-09-15 01:18:30,2026-09-15 01:18:30,2026-09-15 02:22:02
6047595842393,99.9047,33.9653,99.9047,33.9653,1789435120,1789444800,1789435120,1789435120,1789435120,0,1500,2,\\N,0,0,0,0,2026-09-15 01:18:40,2026-09-15 04:00:00,2026-09-15 01:18:40,2026-09-15 01:18:40,2026-09-15 01:18:40,
8047594822859,100.2291,34.4684,100.229,34.4685,1789468035,0,0,0,0,1789468035,22000,1,0525201215,1,0,0,903,2026-09-15 10:27:15,,,,,2026-09-15 10:27:15
6047595576048,99.651,33.7539,99.651,33.7539,1789466913,1789470505,1789466913,1789466913,1789466913,0,700,2,\\N,0,0,0,0,2026-09-15 10:08:33,2026-09-15 11:08:25,2026-09-15 10:08:33,2026-09-15 10:08:33,2026-09-15 10:08:33,
6047595864733,100.2301,34.4703,100.2301,34.4703,1789433863,1789452000,1789433863,1789433863,1789433863,1789442625,9200,1,0729515412,0,1,1,318,2026-09-15 00:57:43,2026-09-15 06:00:00,2026-09-15 00:57:43,2026-09-15 00:57:43,2026-09-15 00:57:43,2026-09-15 03:23:45
6047595842435,99.651,33.7539,99.651,33.7539,1789435092,1789452000,1789435092,1789435092,1789435092,1789447523,790,1,0750298548,0,1,1,158,2026-09-15 01:18:12,2026-09-15 06:00:00,2026-09-15 01:18:12,2026-09-15 01:18:12,2026-09-15 01:18:12,2026-09-15 04:45:23
6047595816852,100.2301,34.4703,100.2301,34.4703,1789445941,1789464600,1789445941,1789445941,1789445941,0,1000,2,\\N,0,0,0,0,2026-09-15 04:19:01,2026-09-15 09:30:00,2026-09-15 04:19:01,2026-09-15 04:19:01,2026-09-15 04:19:01,
8047595052237,100.2291,34.4684,100.229,34.4685,1789461024,0,0,0,0,1789461024,1000,1,0586643499,1,0,0,239,2026-09-15 08:30:24,,,,,2026-09-15 08:30:24
6047595830002,100.738,32.9324,100.738,32.9324,1789441807,1789480800,1789441807,1789441807,1789441807,1789448100,1400,1,0649086388,0,1,0,198,2026-09-15 03:10:07,2026-09-15 14:00:00,2026-09-15 03:10:07,2026-09-15 03:10:07,2026-09-15 03:10:07,2026-09-15 04:55:00
6047595830046,100.738,32.9324,100.738,32.9324,1789441803,1789464600,1789441803,1789441803,1789441803,1789453927,1400,1,0649086388,0,1,1,183,2026-09-15 03:10:03,2026-09-15 09:30:00,2026-09-15 03:10:03,2026-09-15 03:10:03,2026-09-15 03:10:03,2026-09-15 06:32:07
6047595814292,100.2301,34.4703,100.2301,34.4703,1789446850,1789480800,1789446850,1789446850,1789446850,1789449452,15500,1,0573276138,0,1,0,419,2026-09-15 04:34:10,2026-09-15 14:00:00,2026-09-15 04:34:10,2026-09-15 04:34:10,2026-09-15 04:34:10,2026-09-15 05:17:32
6047595939831,100.2301,34.4703,100.2301,34.4703,1789433310,1789452000,1789433310,1789433310,1789433310,1789442707,1000,1,0752242651,0,1,1,166,2026-09-15 00:48:30,2026-09-15 06:00:00,2026-09-15 00:48:30,2026-09-15 00:48:30,2026-09-15 00:48:30,2026-09-15 03:25:07
6047595840897,99.651,33.7539,99.651,33.7539,1789435063,1789452000,1789435063,1789435063,1789435063,1789438977,1100,1,0756924451,0,1,0,179,2026-09-15 01:17:43,2026-09-15 06:00:00,2026-09-15 01:17:43,2026-09-15 01:17:43,2026-09-15 01:17:43,2026-09-15 02:22:57
6047595819080,100.2301,34.4703,100.2301,34.4703,1789445012,1789464600,1789445012,1789445012,1789445012,0,1000,2,\\N,0,0,0,0,2026-09-15 04:03:32,2026-09-15 09:30:00,2026-09-15 04:03:32,2026-09-15 04:03:32,2026-09-15 04:03:32,
6047595819075,100.2301,34.4703,100.2301,34.4703,1789445015,1789464600,1789445015,1789445015,1789445015,1789449642,1000,1,0731669509,0,1,0,166,2026-09-15 04:03:35,2026-09-15 09:30:00,2026-09-15 04:03:35,2026-09-15 04:03:35,2026-09-15 04:03:35,2026-09-15 05:20:42
6047595821910,100.2301,34.4703,100.2301,34.4703,1789444826,1789464600,1789444826,1789444826,1789444826,1789458050,1000,1,0729515412,0,1,1,119,2026-09-15 04:00:26,2026-09-15 09:30:00,2026-09-15 04:00:26,2026-09-15 04:00:26,2026-09-15 04:00:26,2026-09-15 07:40:50
8047594734113,100.7434,32.9289,100.7429,32.9285,1789468479,0,0,0,0,1789468479,1000,1,0613329616,1,0,0,302,2026-09-15 10:34:39,,,,,2026-09-15 10:34:39
6047595826911,98.2098,34.9116,98.2098,34.9116,1789441996,1789454400,1789441996,1789441996,1789441996,0,1000,2,\\N,0,0,0,0,2026-09-15 03:13:16,2026-09-15 06:40:00,2026-09-15 03:13:16,2026-09-15 03:13:16,2026-09-15 03:13:16,
6047595844575,99.9047,33.9653,99.9047,33.9653,1789434961,1789444800,1789434961,1789434961,1789434961,0,4200,2,\\N,0,0,0,0,2026-09-15 01:16:01,2026-09-15 04:00:00,2026-09-15 01:16:01,2026-09-15 01:16:01,2026-09-15 01:16:01,
6047595944039,100.2301,34.4703,100.2301,34.4703,1789433145,1789444800,1789433145,1789433145,1789433145,1789437838,1000,1,0475824345,0,1,0,150,2026-09-15 00:45:45,2026-09-15 04:00:00,2026-09-15 00:45:45,2026-09-15 00:45:45,2026-09-15 00:45:45,2026-09-15 02:03:58
6047595823421,100.738,32.9324,100.738,32.9324,1789442839,1789480800,1789442840,1789442840,1789442840,1789447782,1000,1,0613329616,0,1,0,166,2026-09-15 03:27:19,2026-09-15 14:00:00,2026-09-15 03:27:20,2026-09-15 03:27:20,2026-09-15 03:27:20,2026-09-15 04:49:42
6047595827362,100.738,32.9324,100.738,32.9324,1789441889,1789464600,1789441889,1789441889,1789441889,1789449158,8900,1,0613329616,0,1,0,313,2026-09-15 03:11:29,2026-09-15 09:30:00,2026-09-15 03:11:29,2026-09-15 03:11:29,2026-09-15 03:11:29,2026-09-15 05:12:38
6047595817025,100.2301,34.4703,100.2301,34.4703,1789445837,1789464600,1789445837,1789445837,1789445837,1789451699,1900,1,0752242651,0,1,0,136,2026-09-15 04:17:17,2026-09-15 09:30:00,2026-09-15 04:17:17,2026-09-15 04:17:17,2026-09-15 04:17:17,2026-09-15 05:54:59
6047595946660,99.9047,33.9653,99.9047,33.9653,1789433142,1789447800,1789433142,1789433142,1789433142,1789433990,2050000,1,0745296255,0,1,0,252,2026-09-15 00:45:42,2026-09-15 04:50:00,2026-09-15 00:45:42,2026-09-15 00:45:42,2026-09-15 00:45:42,2026-09-15 00:59:50
6047595940084,100.2301,34.4703,100.2301,34.4703,1789433317,1789452000,1789433318,1789433318,1789433318,1789437750,1200,1,0573276138,0,1,0,153,2026-09-15 00:48:37,2026-09-15 06:00:00,2026-09-15 00:48:38,2026-09-15 00:48:38,2026-09-15 00:48:38,2026-09-15 02:02:30
6047595821881,100.2301,34.4703,100.2301,34.4703,1789444830,1789464600,1789444830,1789444830,1789444830,1789455267,1000,1,0729515412,0,1,1,166,2026-09-15 04:00:30,2026-09-15 09:30:00,2026-09-15 04:00:30,2026-09-15 04:00:30,2026-09-15 04:00:30,2026-09-15 06:54:27
6047595572825,99.651,33.7539,99.651,33.7539,1789467074,1789533900,1789467074,1789467074,1789467074,1789467674,1800,1,0756924451,0,1,0,181,2026-09-15 10:11:14,2026-09-16 04:45:00,2026-09-15 10:11:14,2026-09-15 10:11:14,2026-09-15 10:11:14,2026-09-15 10:21:14
6047595937190,100.2301,34.4703,100.2301,34.4703,1789433436,1789452000,1789433436,1789433436,1789433436,0,2000,2,\\N,0,0,0,0,2026-09-15 00:50:36,2026-09-15 06:00:00,2026-09-15 00:50:36,2026-09-15 00:50:36,2026-09-15 00:50:36,
6047595885578,99.651,33.7539,99.651,33.7539,1789436600,1789440194,1789436601,1789436601,1789436601,1789441605,2500,1,0722476819,0,0,0,212,2026-09-15 01:43:20,2026-09-15 02:43:14,2026-09-15 01:43:21,2026-09-15 01:43:21,2026-09-15 01:43:21,2026-09-15 03:06:45
6047595940141,100.2301,34.4703,100.2301,34.4703,1789433316,1789452000,1789433316,1789433316,1789433316,1789443403,450,1,0573276138,0,1,1,117,2026-09-15 00:48:36,2026-09-15 06:00:00,2026-09-15 00:48:36,2026-09-15 00:48:36,2026-09-15 00:48:36,2026-09-15 03:36:43
8047595777983,100.229,34.4685,100.229,34.4685,1789440069,0,0,0,0,1789440069,200,1,0757590820,1,0,0,117,2026-09-15 02:41:09,,,,,2026-09-15 02:41:09
6047595941549,100.2301,34.4703,100.2301,34.4703,1789433269,1789444800,1789433269,1789433269,1789433269,1789441983,1000,1,0729515412,0,1,1,166,2026-09-15 00:47:49,2026-09-15 04:00:00,2026-09-15 00:47:49,2026-09-15 00:47:49,2026-09-15 00:47:49,2026-09-15 03:13:03
6047595937774,100.2301,34.4703,100.2301,34.4703,1789433409,1789452000,1789433409,1789433409,1789433409,1789439437,2300,1,0731669509,0,1,0,165,2026-09-15 00:50:09,2026-09-15 06:00:00,2026-09-15 00:50:09,2026-09-15 00:50:09,2026-09-15 00:50:09,2026-09-15 02:30:37
6047595816440,100.2301,34.4703,100.2301,34.4703,1789446114,1789464600,1789446114,1789446114,1789446114,0,1400,2,\\N,0,0,0,0,2026-09-15 04:21:54,2026-09-15 09:30:00,2026-09-15 04:21:54,2026-09-15 04:21:54,2026-09-15 04:21:54,
6047595816484,100.2301,34.4703,100.2301,34.4703,1789446094,1789464600,1789446094,1789446094,1789446094,0,1000,2,\\N,0,0,0,0,2026-09-15 04:21:34,2026-09-15 09:30:00,2026-09-15 04:21:34,2026-09-15 04:21:34,2026-09-15 04:21:34,
6047595827366,100.738,32.9324,100.738,32.9324,1789441890,1789480800,1789441890,1789441890,1789441890,1789448460,3000,1,0613329616,0,1,0,212,2026-09-15 03:11:30,2026-09-15 14:00:00,2026-09-15 03:11:30,2026-09-15 03:11:30,2026-09-15 03:11:30,2026-09-15 05:01:00
6047595840913,99.651,33.7539,99.651,33.7539,1789435062,1789452000,1789435062,1789435062,1789435062,1789437916,400,1,0756924451,0,1,0,135,2026-09-15 01:17:42,2026-09-15 06:00:00,2026-09-15 01:17:42,2026-09-15 01:17:42,2026-09-15 01:17:42,2026-09-15 02:05:16
6047595944338,100.2301,34.4703,100.2301,34.4703,1789433220,1789444800,1789433220,1789433220,1789433220,1789437587,1000,1,0729515412,0,1,0,166,2026-09-15 00:47:00,2026-09-15 04:00:00,2026-09-15 00:47:00,2026-09-15 00:47:00,2026-09-15 00:47:00,2026-09-15 01:59:47
6047595842130,99.9047,33.9653,99.9047,33.9653,1789435109,1789452000,1789435109,1789435109,1789435109,1789447340,730,1,0743559826,0,1,1,135,2026-09-15 01:18:29,2026-09-15 06:00:00,2026-09-15 01:18:29,2026-09-15 01:18:29,2026-09-15 01:18:29,2026-09-15 04:42:20
6047595942081,100.2301,34.4703,100.2301,34.4703,1789433243,1789444800,1789433243,1789433243,1789433243,1789440402,2000,1,0475824345,0,1,0,175,2026-09-15 00:47:23,2026-09-15 04:00:00,2026-09-15 00:47:23,2026-09-15 00:47:23,2026-09-15 00:47:23,2026-09-15 02:46:42
6047595842468,99.651,33.7539,99.651,33.7539,1789435091,1789448700,1789435091,1789435091,1789435091,1789445345,1000,1,0750298548,0,1,1,175,2026-09-15 01:18:11,2026-09-15 05:05:00,2026-09-15 01:18:11,2026-09-15 01:18:11,2026-09-15 01:18:11,2026-09-15 04:09:05
6047595842027,99.9047,33.9653,99.9047,33.9653,1789435111,1789444800,1789435111,1789435111,1789435111,1789449492,1000,1,0743559826,0,0,1,212,2026-09-15 01:18:31,2026-09-15 04:00:00,2026-09-15 01:18:31,2026-09-15 01:18:31,2026-09-15 01:18:31,2026-09-15 05:18:12
6047595827336,100.738,32.9324,100.738,32.9324,1789441892,1789480800,1789441893,1789441893,1789441893,1789447099,12500,1,0613329616,0,1,0,346,2026-09-15 03:11:32,2026-09-15 14:00:00,2026-09-15 03:11:33,2026-09-15 03:11:33,2026-09-15 03:11:33,2026-09-15 04:38:19
6047595940018,100.2301,34.4703,100.2301,34.4703,1789433320,1789444800,1789433320,1789433320,1789433320,1789437403,1000,1,0731669509,0,1,0,147,2026-09-15 00:48:40,2026-09-15 04:00:00,2026-09-15 00:48:40,2026-09-15 00:48:40,2026-09-15 00:48:40,2026-09-15 01:56:43
6047595944714,100.2301,34.4703,100.2301,34.4703,1789433224,1789452000,1789433224,1789433224,1789433224,1789440554,1800,1,0729515412,0,1,0,122,2026-09-15 00:47:04,2026-09-15 06:00:00,2026-09-15 00:47:04,2026-09-15 00:47:04,2026-09-15 00:47:04,2026-09-15 02:49:14
6047595821901,100.2301,34.4703,100.2301,34.4703,1789444827,1789480800,1789444827,1789444827,1789444827,1789456107,400,1,0729515412,0,1,1,135,2026-09-15 04:00:27,2026-09-15 14:00:00,2026-09-15 04:00:27,2026-09-15 04:00:27,2026-09-15 04:00:27,2026-09-15 07:08:27
6047595576428,98.2098,34.9116,98.2098,34.9116,1789466720,1789540800,1789466720,1789466720,1789466720,1789466887,2500,1,0751983537,0,1,0,212,2026-09-15 10:05:20,2026-09-16 06:40:00,2026-09-15 10:05:20,2026-09-15 10:05:20,2026-09-15 10:05:20,2026-09-15 10:08:07
6047595944332,100.2301,34.4703,100.2301,34.4703,1789433220,1789452000,1789433221,1789433221,1789433221,1789440260,1300,1,0729515412,0,1,0,138,2026-09-15 00:47:00,2026-09-15 06:00:00,2026-09-15 00:47:01,2026-09-15 00:47:01,2026-09-15 00:47:01,2026-09-15 02:44:20
8047595709716,100.7434,32.9289,100.7429,32.9285,1789441276,0,0,0,0,1789441276,3200,1,0613329616,1,0,0,368,2026-09-15 03:01:16,,,,,2026-09-15 03:01:16
8047595561741,100.2291,34.4684,100.229,34.4685,1789446508,0,0,0,0,1789446508,1000,1,0475840601,1,0,0,239,2026-09-15 04:28:28,,,,,2026-09-15 04:28:28
8047595571588,100.2291,34.4684,100.229,34.4685,1789444616,0,0,0,0,1789444616,1000,1,0757590820,1,0,0,239,2026-09-15 03:56:56,,,,,2026-09-15 03:56:56
6047595828566,98.2098,34.9116,98.2098,34.9116,1789442075,1789452000,1789442075,1789442075,1789442075,1789445219,520,1,0751983537,0,1,0,132,2026-09-15 03:14:35,2026-09-15 06:00:00,2026-09-15 03:14:35,2026-09-15 03:14:35,2026-09-15 03:14:35,2026-09-15 04:06:59
8047595248010,100.2291,34.4684,98.2062,34.9135,1789455648,0,0,0,0,1789455648,1200,1,0751983537,1,0,0,331,2026-09-15 07:00:48,,,,,2026-09-15 07:00:48
6047595822361,100.2301,34.4703,100.2301,34.4703,1789444457,1789464600,1789444457,1789444457,1789444457,1789447332,27000,1,0525201215,0,1,0,306,2026-09-15 03:54:17,2026-09-15 09:30:00,2026-09-15 03:54:17,2026-09-15 03:54:17,2026-09-15 03:54:17,2026-09-15 04:42:12
6047595843923,99.651,33.7539,99.651,33.7539,1789434895,1789466400,1789434895,1789434895,1789434895,0,80000,2,\\N,0,0,0,0,2026-09-15 01:14:55,2026-09-15 10:00:00,2026-09-15 01:14:55,2026-09-15 01:14:55,2026-09-15 01:14:55,
6047595837939,99.651,33.7539,99.651,33.7539,1789435395,1789438950,1789435395,1789435395,1789435395,1789447690,1200,1,0755146964,0,0,1,186,2026-09-15 01:23:15,2026-09-15 02:22:30,2026-09-15 01:23:15,2026-09-15 01:23:15,2026-09-15 01:23:15,2026-09-15 04:48:10
6047595827730,100.738,32.9324,100.738,32.9324,1789442125,1789464600,1789442125,1789442125,1789442125,1789456875,272000,1,0613329616,0,1,1,66,2026-09-15 03:15:25,2026-09-15 09:30:00,2026-09-15 03:15:25,2026-09-15 03:15:25,2026-09-15 03:15:25,2026-09-15 07:21:15
6047595938928,100.2301,34.4703,100.2301,34.4703,1789433452,1789452000,1789433453,1789433453,1789433453,1789442463,1000,1,0731669509,0,1,1,141,2026-09-15 00:50:52,2026-09-15 06:00:00,2026-09-15 00:50:53,2026-09-15 00:50:53,2026-09-15 00:50:53,2026-09-15 03:21:03
6047595842095,99.9047,33.9653,99.9047,33.9653,1789435110,1789444800,1789435475,1789435475,1789435475,1789436647,1000,1,0745296255,0,1,0,166,2026-09-15 01:18:30,2026-09-15 04:00:00,2026-09-15 01:24:35,2026-09-15 01:24:35,2026-09-15 01:24:35,2026-09-15 01:44:07
6047595842337,99.9047,33.9653,99.9047,33.9653,1789435123,1789452000,1789435123,1789435123,1789435123,0,700,2,\\N,0,0,0,0,2026-09-15 01:18:43,2026-09-15 06:00:00,2026-09-15 01:18:43,2026-09-15 01:18:43,2026-09-15 01:18:43,
6047595842547,99.651,33.7539,99.651,33.7539,1789435089,1789452000,1789435089,1789435089,1789435089,1789443774,1500,1,0750298548,0,1,1,175,2026-09-15 01:18:09,2026-09-15 06:00:00,2026-09-15 01:18:09,2026-09-15 01:18:09,2026-09-15 01:18:09,2026-09-15 03:42:54
6047595820342,100.2301,34.4703,100.2301,34.4703,1789445597,1789464600,1789445597,1789445597,1789445597,0,1000,2,\\N,0,0,0,0,2026-09-15 04:13:17,2026-09-15 09:30:00,2026-09-15 04:13:17,2026-09-15 04:13:17,2026-09-15 04:13:17,
6047595816092,100.2301,34.4703,100.2301,34.4703,1789447208,1789480800,1789447208,1789447208,1789447208,1789458664,10,1,0752242651,0,1,1,117,2026-09-15 04:40:08,2026-09-15 14:00:00,2026-09-15 04:40:08,2026-09-15 04:40:08,2026-09-15 04:40:08,2026-09-15 07:51:04
6047596012931,100.2301,34.4703,100.2301,34.4703,1789431502,1789435088,1789431502,1789431502,1789431502,0,60000,2,\\N,0,0,0,0,2026-09-15 00:18:22,2026-09-15 01:18:08,2026-09-15 00:18:22,2026-09-15 00:18:22,2026-09-15 00:18:22,
8047595561660,100.2291,34.4684,100.229,34.4685,1789446509,0,0,0,0,1789446509,1000,1,0475840601,1,0,0,239,2026-09-15 04:28:29,,,,,2026-09-15 04:28:29
8047595180390,99.6488,33.758,99.6488,33.758,1789457666,0,0,0,0,1789457666,1500,1,0755146964,1,0,0,350,2026-09-15 07:34:26,,,,,2026-09-15 07:34:26
6047595851917,100.6256,33.7266,100.6256,33.7266,1789434381,1789444800,1789434381,1789434381,1789434381,1789437266,1600,1,0678203599,0,1,0,158,2026-09-15 01:06:21,2026-09-15 04:00:00,2026-09-15 01:06:21,2026-09-15 01:06:21,2026-09-15 01:06:21,2026-09-15 01:54:26
6047595941085,100.2301,34.4703,100.2301,34.4703,1789433370,1789444800,1789433370,1789433370,1789433370,1789438177,1000,1,0573276138,0,1,0,166,2026-09-15 00:49:30,2026-09-15 04:00:00,2026-09-15 00:49:30,2026-09-15 00:49:30,2026-09-15 00:49:30,2026-09-15 02:09:37
6047595820363,100.2301,34.4703,100.2301,34.4703,1789445576,1789464600,1789445576,1789445576,1789445576,1789451021,1600,1,0586643499,0,1,0,161,2026-09-15 04:12:56,2026-09-15 09:30:00,2026-09-15 04:12:56,2026-09-15 04:12:56,2026-09-15 04:12:56,2026-09-15 05:43:41
6047595816502,100.2301,34.4703,100.2301,34.4703,1789446089,1789480800,1789446089,1789446089,1789446089,1789453249,2000,1,0586643499,0,1,0,151,2026-09-15 04:21:29,2026-09-15 14:00:00,2026-09-15 04:21:29,2026-09-15 04:21:29,2026-09-15 04:21:29,2026-09-15 06:20:49
6047595837938,99.651,33.7539,99.651,33.7539,1789435395,1789452300,1789435395,1789435395,1789435395,1789438385,6100,1,0755146964,0,1,0,269,2026-09-15 01:23:15,2026-09-15 06:05:00,2026-09-15 01:23:15,2026-09-15 01:23:15,2026-09-15 01:23:15,2026-09-15 02:13:05
6047595827774,100.738,32.9324,100.738,32.9324,1789442123,1789464600,1789442123,1789442123,1789442123,1789456875,272000,1,0613329616,0,1,1,66,2026-09-15 03:15:23,2026-09-15 09:30:00,2026-09-15 03:15:23,2026-09-15 03:15:23,2026-09-15 03:15:23,2026-09-15 07:21:15
6047595821894,100.2301,34.4703,100.2301,34.4703,1789444830,1789464600,1789444830,1789444830,1789444830,1789455594,1500,1,0729515412,0,1,1,151,2026-09-15 04:00:30,2026-09-15 09:30:00,2026-09-15 04:00:30,2026-09-15 04:00:30,2026-09-15 04:00:30,2026-09-15 06:59:54
6047595820212,100.2301,34.4703,100.2301,34.4703,1789445637,1789464600,1789445637,1789445637,1789445637,1789453073,2000,1,0573276138,0,1,0,175,2026-09-15 04:13:57,2026-09-15 09:30:00,2026-09-15 04:13:57,2026-09-15 04:13:57,2026-09-15 04:13:57,2026-09-15 06:17:53
6047595826872,98.2098,34.9116,98.2098,34.9116,1789442002,1789454400,1789442002,1789442002,1789442002,1789447919,1000,1,0751983537,0,1,0,169,2026-09-15 03:13:22,2026-09-15 06:40:00,2026-09-15 03:13:22,2026-09-15 03:13:22,2026-09-15 03:13:22,2026-09-15 04:51:59
6047595842505,99.651,33.7539,99.651,33.7539,1789435090,1789447500,1789435090,1789435090,1789435090,1789440146,1000,1,0750298548,0,1,0,175,2026-09-15 01:18:10,2026-09-15 04:45:00,2026-09-15 01:18:10,2026-09-15 01:18:10,2026-09-15 01:18:10,2026-09-15 02:42:26
6047595816929,100.2301,34.4703,100.2301,34.4703,1789445877,1789464600,1789445877,1789445877,1789445877,0,1000,2,\\N,0,0,0,0,2026-09-15 04:17:57,2026-09-15 09:30:00,2026-09-15 04:17:57,2026-09-15 04:17:57,2026-09-15 04:17:57,
6047595941054,100.2301,34.4703,100.2301,34.4703,1789433372,1789444800,1789433372,1789433372,1789433372,1789443179,1000,1,0573276138,0,1,1,147,2026-09-15 00:49:32,2026-09-15 04:00:00,2026-09-15 00:49:32,2026-09-15 00:49:32,2026-09-15 00:49:32,2026-09-15 03:32:59
8047595717062,99.6488,33.758,99.6488,33.758,1789441146,0,0,0,0,1789441146,3500,1,0600882909,1,0,0,239,2026-09-15 02:59:06,,,,,2026-09-15 02:59:06
8047595400012,99.9047,33.9653,99.9045,33.9651,1789450198,0,0,0,0,1789450198,1000,1,0745296255,1,0,0,305,2026-09-15 05:29:58,,,,,2026-09-15 05:29:58
8047594734431,100.7434,32.9289,100.7429,32.9285,1789468484,0,0,0,0,1789468484,1000,1,0613329616,1,0,0,239,2026-09-15 10:34:44,,,,,2026-09-15 10:34:44
6047595812826,99.651,33.7539,99.651,33.7539,1789447576,1789451166,1789447576,1789447576,1789447576,1789448238,1000,1,0756924451,0,1,0,166,2026-09-15 04:46:16,2026-09-15 05:46:06,2026-09-15 04:46:16,2026-09-15 04:46:16,2026-09-15 04:46:16,2026-09-15 04:57:18
6047595933705,100.2301,34.4703,100.2301,34.4703,1789433597,1789466400,1789433597,1789433597,1789433597,1789437811,32000,1,0586643499,0,1,0,315,2026-09-15 00:53:17,2026-09-15 10:00:00,2026-09-15 00:53:17,2026-09-15 00:53:17,2026-09-15 00:53:17,2026-09-15 02:03:31
6047595827379,100.738,32.9324,100.738,32.9324,1789441887,1789464600,1789441887,1789441887,1789441887,1789454501,1100,1,0613329616,0,1,1,177,2026-09-15 03:11:27,2026-09-15 09:30:00,2026-09-15 03:11:27,2026-09-15 03:11:27,2026-09-15 03:11:27,2026-09-15 06:41:41
6047595816193,100.2301,34.4703,100.2301,34.4703,1789447178,1789480800,1789447178,1789447178,1789447178,1789457219,1300,1,0752242651,0,1,1,155,2026-09-15 04:39:38,2026-09-15 14:00:00,2026-09-15 04:39:38,2026-09-15 04:39:38,2026-09-15 04:39:38,2026-09-15 07:26:59
6047595958994,100.2301,34.4703,100.2301,34.4703,1789432740,1789444800,1789432740,1789432740,1789432740,1789438238,21500,1,0525201215,0,1,0,233,2026-09-15 00:39:00,2026-09-15 04:00:00,2026-09-15 00:39:00,2026-09-15 00:39:00,2026-09-15 00:39:00,2026-09-15 02:10:38
6047595817306,100.2301,34.4703,100.2301,34.4703,1789445968,1789464600,1789445968,1789445968,1789445968,1789451699,1000,1,0752242651,0,1,0,119,2026-09-15 04:19:28,2026-09-15 09:30:00,2026-09-15 04:19:28,2026-09-15 04:19:28,2026-09-15 04:19:28,2026-09-15 05:54:59
6047595939778,100.2301,34.4703,100.2301,34.4703,1789433311,1789444800,1789433311,1789433311,1789433311,1789438176,1000,1,0752242651,0,1,0,166,2026-09-15 00:48:31,2026-09-15 04:00:00,2026-09-15 00:48:31,2026-09-15 00:48:31,2026-09-15 00:48:31,2026-09-15 02:09:36
6047595821891,100.2301,34.4703,100.2301,34.4703,1789444828,1789464600,1789444828,1789444828,1789444828,0,7300,2,\\N,0,0,0,0,2026-09-15 04:00:28,2026-09-15 09:30:00,2026-09-15 04:00:28,2026-09-15 04:00:28,2026-09-15 04:00:28,
6047595819064,100.2301,34.4703,100.2301,34.4703,1789445017,1789480800,1789445017,1789445017,1789445017,1789448365,2700,1,0731669509,0,1,0,164,2026-09-15 04:03:37,2026-09-15 14:00:00,2026-09-15 04:03:37,2026-09-15 04:03:37,2026-09-15 04:03:37,2026-09-15 04:59:25
6047595827748,100.738,32.9324,100.738,32.9324,1789442124,1789464600,1789442124,1789442124,1789442124,1789456875,272000,1,0613329616,0,1,1,66,2026-09-15 03:15:24,2026-09-15 09:30:00,2026-09-15 03:15:24,2026-09-15 03:15:24,2026-09-15 03:15:24,2026-09-15 07:21:15
6047595939895,100.2301,34.4703,100.2301,34.4703,1789433309,1789452000,1789433309,1789433309,1789433309,1789438403,4000,1,0752242651,0,1,0,205,2026-09-15 00:48:29,2026-09-15 06:00:00,2026-09-15 00:48:29,2026-09-15 00:48:29,2026-09-15 00:48:29,2026-09-15 02:13:23
8047594848669,100.2291,34.4684,100.229,34.4685,1789466913,0,0,0,0,1789466913,1000,1,0475840601,1,0,0,239,2026-09-15 10:08:33,,,,,2026-09-15 10:08:33
6047595937992,100.2301,34.4703,100.2301,34.4703,1789433421,1789452000,1789433421,1789433421,1789433421,1789438564,490,1,0586643499,0,1,0,135,2026-09-15 00:50:21,2026-09-15 06:00:00,2026-09-15 00:50:21,2026-09-15 00:50:21,2026-09-15 00:50:21,2026-09-15 02:16:04
6047595842627,99.651,33.7539,99.651,33.7539,1789435086,1789452000,1789435086,1789435086,1789435086,1789442089,1800,1,0750298548,0,1,0,181,2026-09-15 01:18:06,2026-09-15 06:00:00,2026-09-15 01:18:06,2026-09-15 01:18:06,2026-09-15 01:18:06,2026-09-15 03:14:49
6047595819556,100.2301,34.4703,100.2301,34.4703,1789445684,1789462200,1789445684,1789445684,1789445684,1789451941,8000,1,0573276138,0,1,0,333,2026-09-15 04:14:44,2026-09-15 08:50:00,2026-09-15 04:14:44,2026-09-15 04:14:44,2026-09-15 04:14:44,2026-09-15 05:59:01
6047595827074,98.2098,34.9116,98.2098,34.9116,1789441861,1789452000,1789441861,1789441861,1789441861,1789451470,430,1,0751983537,0,1,1,117,2026-09-15 03:11:01,2026-09-15 06:00:00,2026-09-15 03:11:01,2026-09-15 03:11:01,2026-09-15 03:11:01,2026-09-15 05:51:10
8047595616718,99.6488,33.758,99.6488,33.758,1789444930,0,0,0,0,1789444930,1000,1,0600882909,1,0,0,305,2026-09-15 04:02:10,,,,,2026-09-15 04:02:10
6047595820873,100.2301,34.4703,100.2301,34.4703,1789444074,1789464600,1789444074,1789444074,1789444074,1789448079,1000,1,0475824345,0,1,0,147,2026-09-15 03:47:54,2026-09-15 09:30:00,2026-09-15 03:47:54,2026-09-15 03:47:54,2026-09-15 03:47:54,2026-09-15 04:54:39
6047595845999,99.651,33.7539,99.651,33.7539,1789434757,1789447500,1789434757,1789434757,1789434757,0,1000,2,\\N,0,0,0,0,2026-09-15 01:12:37,2026-09-15 04:45:00,2026-09-15 01:12:37,2026-09-15 01:12:37,2026-09-15 01:12:37,
8047594734238,100.7434,32.9289,100.7429,32.9285,1789468488,0,0,0,0,1789468488,1000,1,0613329616,1,0,0,239,2026-09-15 10:34:48,,,,,2026-09-15 10:34:48
8047595709641,100.7434,32.9289,100.7429,32.9285,1789441277,0,0,0,0,1789441277,1000,1,0613329616,1,0,0,239,2026-09-15 03:01:17,,,,,2026-09-15 03:01:17
6047595936894,100.2301,34.4703,100.2301,34.4703,1789433544,1789437125,1789433544,1789433544,1789433544,0,1000,2,\\N,0,0,0,0,2026-09-15 00:52:24,2026-09-15 01:52:05,2026-09-15 00:52:24,2026-09-15 00:52:24,2026-09-15 00:52:24,
6047595586733,100.2301,34.4703,100.2301,34.4703,1789464751,1789468347,1789464751,1789464751,1789464751,1789464834,1400,1,0752242651,0,1,0,164,2026-09-15 09:32:31,2026-09-15 10:32:27,2026-09-15 09:32:31,2026-09-15 09:32:31,2026-09-15 09:32:31,2026-09-15 09:33:54
8047594734183,100.7434,32.9289,100.7429,32.9285,1789468477,0,0,0,0,1789468477,1000,1,0613329616,1,0,0,302,2026-09-15 10:34:37,,,,,2026-09-15 10:34:37
8047595510711,99.9045,33.9651,99.9045,33.9651,1789446256,0,0,0,0,1789446256,1000,1,0723980389,1,0,0,161,2026-09-15 04:24:16,,,,,2026-09-15 04:24:16
8047594749149,100.2291,34.4684,100.229,34.4685,1789468171,0,0,0,0,1789468171,54500,1,0525201215,1,0,0,2052,2026-09-15 10:29:31,,,,,2026-09-15 10:29:31
6047595827718,100.738,32.9324,100.738,32.9324,1789442128,1789464600,1789442128,1789442128,1789442128,1789456875,272000,1,0613329616,0,1,1,66,2026-09-15 03:15:28,2026-09-15 09:30:00,2026-09-15 03:15:28,2026-09-15 03:15:28,2026-09-15 03:15:28,2026-09-15 07:21:15
6047595944258,100.2301,34.4703,100.2301,34.4703,1789433160,1789464600,1789433161,1789433161,1789433161,1789443638,10500,1,0731669509,0,1,1,343,2026-09-15 00:46:00,2026-09-15 09:30:00,2026-09-15 00:46:01,2026-09-15 00:46:01,2026-09-15 00:46:01,2026-09-15 03:40:38
6047595851946,100.6256,33.7266,100.6256,33.7266,1789434379,1789444800,1789434379,1789434379,1789434379,0,9000,2,\\N,0,0,0,0,2026-09-15 01:06:19,2026-09-15 04:00:00,2026-09-15 01:06:19,2026-09-15 01:06:19,2026-09-15 01:06:19,
6047595820177,100.2301,34.4703,100.2301,34.4703,1789445646,1789464600,1789445647,1789445647,1789445647,0,10500,2,\\N,0,0,0,0,2026-09-15 04:14:06,2026-09-15 09:30:00,2026-09-15 04:14:07,2026-09-15 04:14:07,2026-09-15 04:14:07,
6047595860605,99.651,33.7539,99.651,33.7539,1789434032,1789447500,1789434032,1789434032,1789434032,1789439116,1800,1,0600882909,0,1,0,199,2026-09-15 01:00:32,2026-09-15 04:45:00,2026-09-15 01:00:32,2026-09-15 01:00:32,2026-09-15 01:00:32,2026-09-15 02:25:16
6047595821884,100.2301,34.4703,100.2301,34.4703,1789444830,1789480800,1789444830,1789444830,1789444830,1789454173,100,1,0729515412,0,1,1,117,2026-09-15 04:00:30,2026-09-15 14:00:00,2026-09-15 04:00:30,2026-09-15 04:00:30,2026-09-15 04:00:30,2026-09-15 06:36:13
6047595827790,100.738,32.9324,100.738,32.9324,1789442122,1789464600,1789442122,1789442122,1789442122,1789456875,272000,1,0613329616,0,1,1,66,2026-09-15 03:15:22,2026-09-15 09:30:00,2026-09-15 03:15:22,2026-09-15 03:15:22,2026-09-15 03:15:22,2026-09-15 07:21:15
6047595872487,99.651,33.7539,99.651,33.7539,1789437473,1789466400,1789437473,1789437473,1789437473,1789455052,75000,1,0722476819,0,1,1,273,2026-09-15 01:57:53,2026-09-15 10:00:00,2026-09-15 01:57:53,2026-09-15 01:57:53,2026-09-15 01:57:53,2026-09-15 06:50:52
6047595932132,100.2301,34.4703,100.2301,34.4703,1789433776,1789437353,1789433777,1789433777,1789433777,0,153000,2,\\N,0,0,0,0,2026-09-15 00:56:16,2026-09-15 01:55:53,2026-09-15 00:56:17,2026-09-15 00:56:17,2026-09-15 00:56:17,
6047595842265,99.9047,33.9653,99.9047,33.9653,1789435128,1789447800,1789435128,1789435128,1789435128,1789447940,118000,1,0745296255,0,0,1,334,2026-09-15 01:18:48,2026-09-15 04:50:00,2026-09-15 01:18:48,2026-09-15 01:18:48,2026-09-15 01:18:48,2026-09-15 04:52:20
6047595829592,98.2098,34.9116,98.2098,34.9116,1789441500,1789452000,1789441500,1789441500,1789441500,1789447186,2700,1,0751983537,0,1,0,223,2026-09-15 03:05:00,2026-09-15 06:00:00,2026-09-15 03:05:00,2026-09-15 03:05:00,2026-09-15 03:05:00,2026-09-15 04:39:46
6047595840910,99.651,33.7539,99.651,33.7539,1789435063,1789452000,1789435063,1789435063,1789435063,1789438952,1600,1,0756924451,0,1,0,177,2026-09-15 01:17:43,2026-09-15 06:00:00,2026-09-15 01:17:43,2026-09-15 01:17:43,2026-09-15 01:17:43,2026-09-15 02:22:32
8047595558970,100.2291,34.4684,100.229,34.4685,1789446511,0,0,0,0,1789446511,1000,1,0475840601,1,0,0,309,2026-09-15 04:28:31,,,,,2026-09-15 04:28:31
6047595956511,100.2301,34.4703,100.2301,34.4703,1789432754,1789444800,1789432754,1789432754,1789432754,1789441274,24500,1,0525201215,0,1,1,267,2026-09-15 00:39:14,2026-09-15 04:00:00,2026-09-15 00:39:14,2026-09-15 00:39:14,2026-09-15 00:39:14,2026-09-15 03:01:14
6047595941533,100.2301,34.4703,100.2301,34.4703,1789433269,1789436849,1789433269,1789433269,1789433269,1789438055,830,1,0729515412,0,0,0,149,2026-09-15 00:47:49,2026-09-15 01:47:29,2026-09-15 00:47:49,2026-09-15 00:47:49,2026-09-15 00:47:49,2026-09-15 02:07:35
6047595943956,100.2301,34.4703,100.2301,34.4703,1789433149,1789444800,1789433149,1789433149,1789433149,1789439645,1500,1,0475824345,0,1,0,157,2026-09-15 00:45:49,2026-09-15 04:00:00,2026-09-15 00:45:49,2026-09-15 00:45:49,2026-09-15 00:45:49,2026-09-15 02:34:05
6047595571795,99.9047,33.9653,99.9047,33.9653,1789467812,1789471405,1789467812,1789467812,1789467812,1789467920,1000,1,0745296255,0,1,0,150,2026-09-15 10:23:32,2026-09-15 11:23:25,2026-09-15 10:23:32,2026-09-15 10:23:32,2026-09-15 10:23:32,2026-09-15 10:25:20
6047595952423,100.2301,34.4703,100.2301,34.4703,1789432884,1789466400,1789432884,1789432884,1789432884,1789448176,36000,1,0525201215,0,1,1,236,2026-09-15 00:41:24,2026-09-15 10:00:00,2026-09-15 00:41:24,2026-09-15 00:41:24,2026-09-15 00:41:24,2026-09-15 04:56:16
6047595827344,100.738,32.9324,100.738,32.9324,1789441891,1789464600,1789441891,1789441891,1789441891,1789447417,8500,1,0613329616,0,1,0,272,2026-09-15 03:11:31,2026-09-15 09:30:00,2026-09-15 03:11:31,2026-09-15 03:11:31,2026-09-15 03:11:31,2026-09-15 04:43:37
6047595827715,100.738,32.9324,100.738,32.9324,1789442127,1789464600,1789442127,1789442127,1789442127,1789456875,272000,1,0613329616,0,1,1,66,2026-09-15 03:15:27,2026-09-15 09:30:00,2026-09-15 03:15:27,2026-09-15 03:15:27,2026-09-15 03:15:27,2026-09-15 07:21:15
6047595955319,100.2301,34.4703,100.2301,34.4703,1789432833,1789444800,1789432833,1789432833,1789432833,1789438825,63000,1,0525201215,0,1,0,168,2026-09-15 00:40:33,2026-09-15 04:00:00,2026-09-15 00:40:33,2026-09-15 00:40:33,2026-09-15 00:40:33,2026-09-15 02:20:25
6047595955283,100.2301,34.4703,100.2301,34.4703,1789432833,1789444800,1789432833,1789432833,1789432833,1789438825,63000,1,0525201215,0,1,0,168,2026-09-15 00:40:33,2026-09-15 04:00:00,2026-09-15 00:40:33,2026-09-15 00:40:33,2026-09-15 00:40:33,2026-09-15 02:20:25
6047595728044,99.651,33.7539,99.651,33.7539,1789451527,1789455119,1789451527,1789451527,1789451527,1789451548,500,1,0722476819,0,1,0,117,2026-09-15 05:52:07,2026-09-15 06:51:59,2026-09-15 05:52:07,2026-09-15 05:52:07,2026-09-15 05:52:07,2026-09-15 05:52:28
6047595841404,99.651,33.7539,99.651,33.7539,1789435063,1789447500,1789435063,1789435063,1789435063,0,1000,2,\\N,0,0,0,0,2026-09-15 01:17:43,2026-09-15 04:45:00,2026-09-15 01:17:43,2026-09-15 01:17:43,2026-09-15 01:17:43,
8047594848825,100.2291,34.4684,100.229,34.4685,1789466899,0,0,0,0,1789466899,1000,1,0475840601,1,0,0,310,2026-09-15 10:08:19,,,,,2026-09-15 10:08:19
6047595844527,99.9047,33.9653,99.9047,33.9653,1789434963,1789444800,1789434963,1789434963,1789434963,1789438450,1000,1,0745296255,0,1,0,147,2026-09-15 01:16:03,2026-09-15 04:00:00,2026-09-15 01:16:03,2026-09-15 01:16:03,2026-09-15 01:16:03,2026-09-15 02:14:10
6047595818428,100.2301,34.4703,100.2301,34.4703,1789445316,1789464600,1789445316,1789445316,1789445316,1789452446,1000,1,0752242651,0,1,0,157,2026-09-15 04:08:36,2026-09-15 09:30:00,2026-09-15 04:08:36,2026-09-15 04:08:36,2026-09-15 04:08:36,2026-09-15 06:07:26
6047595827721,100.738,32.9324,100.738,32.9324,1789442126,1789464600,1789442126,1789442126,1789442126,1789456875,272000,1,0613329616,0,1,1,66,2026-09-15 03:15:26,2026-09-15 09:30:00,2026-09-15 03:15:26,2026-09-15 03:15:26,2026-09-15 03:15:26,2026-09-15 07:21:15
6047595842069,99.9047,33.9653,99.9047,33.9653,1789435110,1789452000,1789435110,1789435110,1789435110,1789442062,1500,1,0743559826,0,1,0,175,2026-09-15 01:18:30,2026-09-15 06:00:00,2026-09-15 01:18:30,2026-09-15 01:18:30,2026-09-15 01:18:30,2026-09-15 03:14:22
8047595638324,99.6488,33.758,99.6488,33.758,1789442937,0,0,0,0,1789442937,1000,1,0600882909,1,0,0,296,2026-09-15 03:28:57,,,,,2026-09-15 03:28:57
8047594973163,100.2291,34.4684,100.229,34.4685,1789464457,0,0,0,0,1789464457,1000,1,0757590820,1,0,0,279,2026-09-15 09:27:37,,,,,2026-09-15 09:27:37
6047596013092,100.2301,34.4703,100.2301,34.4703,1789431499,1789435086,1789431499,1789431499,1789431499,0,60000,2,\\N,0,0,0,0,2026-09-15 00:18:19,2026-09-15 01:18:06,2026-09-15 00:18:19,2026-09-15 00:18:19,2026-09-15 00:18:19,
6047595820220,100.2301,34.4703,100.2301,34.4703,1789445635,1789464600,1789445635,1789445635,1789445635,1789450879,1000,1,0573276138,0,1,0,166,2026-09-15 04:13:55,2026-09-15 09:30:00,2026-09-15 04:13:55,2026-09-15 04:13:55,2026-09-15 04:13:55,2026-09-15 05:41:19
8047594749173,100.2291,34.4684,100.229,34.4685,1789468171,0,0,0,0,1789468171,59500,1,0525201215,1,0,0,1980,2026-09-15 10:29:31,,,,,2026-09-15 10:29:31
6047595842342,99.9047,33.9653,99.9047,33.9653,1789435123,1789452000,1789435123,1789435123,1789435123,0,2600,2,\\N,0,0,0,0,2026-09-15 01:18:43,2026-09-15 06:00:00,2026-09-15 01:18:43,2026-09-15 01:18:43,2026-09-15 01:18:43,
8047595363083,99.6488,33.758,99.6488,33.758,1789454019,0,0,0,0,1789454019,1300,1,0600882909,1,0,0,321,2026-09-15 06:33:39,,,,,2026-09-15 06:33:39
8047595709240,100.7434,32.9289,100.7429,32.9285,1789441284,0,0,0,0,1789441284,1400,1,0613329616,1,0,0,299,2026-09-15 03:01:24,,,,,2026-09-15 03:01:24
6047595827375,100.738,32.9324,100.738,32.9324,1789441889,1789464600,1789441889,1789441889,1789441889,1789448162,1000,1,0613329616,0,1,0,194,2026-09-15 03:11:29,2026-09-15 09:30:00,2026-09-15 03:11:29,2026-09-15 03:11:29,2026-09-15 03:11:29,2026-09-15 04:56:02
8047595123898,99.6488,33.758,99.6488,33.758,1789459189,0,0,0,0,1789459189,1000,1,0722476819,1,0,0,312,2026-09-15 07:59:49,,,,,2026-09-15 07:59:49
8047594749613,99.6488,33.758,99.6488,33.758,1789468137,0,0,0,0,1789468137,3000,1,0600882909,1,0,0,239,2026-09-15 10:28:57,,,,,2026-09-15 10:28:57
6047595841391,99.651,33.7539,99.651,33.7539,1789435065,1789447500,1789435065,1789435065,1789435065,1789439657,1000,1,0756924451,0,1,0,150,2026-09-15 01:17:45,2026-09-15 04:45:00,2026-09-15 01:17:45,2026-09-15 01:17:45,2026-09-15 01:17:45,2026-09-15 02:34:17
6047595841406,99.651,33.7539,99.651,33.7539,1789435064,1789452000,1789435064,1789435064,1789435064,1789441046,3100,1,0756924451,0,1,0,222,2026-09-15 01:17:44,2026-09-15 06:00:00,2026-09-15 01:17:44,2026-09-15 01:17:44,2026-09-15 01:17:44,2026-09-15 02:57:26
6047595842061,99.9047,33.9653,99.9047,33.9653,1789435110,1789444800,1789435110,1789435110,1789435110,1789464259,1000,1,0743559826,0,0,1,175,2026-09-15 01:18:30,2026-09-15 04:00:00,2026-09-15 01:18:30,2026-09-15 01:18:30,2026-09-15 01:18:30,2026-09-15 09:24:19
6047595842391,99.9047,33.9653,99.9047,33.9653,1789435122,1789452000,1789435628,1789435628,1789435628,1789438465,940,1,0743559826,0,1,0,165,2026-09-15 01:18:42,2026-09-15 06:00:00,2026-09-15 01:27:08,2026-09-15 01:27:08,2026-09-15 01:27:08,2026-09-15 02:14:25
6047595942062,100.2301,34.4703,100.2301,34.4703,1789433245,1789444800,1789433245,1789433245,1789433245,1789436666,3800,1,0475824345,0,1,0,209,2026-09-15 00:47:25,2026-09-15 04:00:00,2026-09-15 00:47:25,2026-09-15 00:47:25,2026-09-15 00:47:25,2026-09-15 01:44:26
6047595842491,99.651,33.7539,99.651,33.7539,1789435090,1789452000,1789435090,1789435090,1789435090,1789445685,5000,1,0750298548,0,1,1,224,2026-09-15 01:18:10,2026-09-15 06:00:00,2026-09-15 01:18:10,2026-09-15 01:18:10,2026-09-15 01:18:10,2026-09-15 04:14:45
8047594731702,99.6488,33.758,99.6488,33.758,1789468501,0,0,0,0,1789468501,1000,1,0750298548,1,0,0,365,2026-09-15 10:35:01,,,,,2026-09-15 10:35:01
6047595942213,99.9047,33.9653,99.9047,33.9653,1789433238,1789447800,1789433238,1789433238,1789433238,1789433990,2050000,1,0745296255,0,1,0,252,2026-09-15 00:47:18,2026-09-15 04:50:00,2026-09-15 00:47:18,2026-09-15 00:47:18,2026-09-15 00:47:18,2026-09-15 00:59:50
6047595947398,100.2301,34.4703,100.2301,34.4703,1789433041,1789452000,1789433041,1789433041,1789433041,1789439349,2400,1,0586643499,0,1,0,158,2026-09-15 00:44:01,2026-09-15 06:00:00,2026-09-15 00:44:01,2026-09-15 00:44:01,2026-09-15 00:44:01,2026-09-15 02:29:09
8047595056198,100.2291,34.4684,100.229,34.4685,1789460960,0,0,0,0,1789460960,100,1,0586643499,1,0,0,119,2026-09-15 08:29:20,,,,,2026-09-15 08:29:20
6047595837834,99.651,33.7539,99.651,33.7539,1789435405,1789452300,1789435405,1789435405,1789435405,1789438313,12000,1,0755146964,0,1,0,371,2026-09-15 01:23:25,2026-09-15 06:05:00,2026-09-15 01:23:25,2026-09-15 01:23:25,2026-09-15 01:23:25,2026-09-15 02:11:53
6047595919191,100.6256,33.7266,100.6256,33.7266,1789432000,1789435590,1789432000,1789432000,1789432000,1789434422,18500,1,0678203599,0,1,0,473,2026-09-15 00:26:40,2026-09-15 01:26:30,2026-09-15 00:26:40,2026-09-15 00:26:40,2026-09-15 00:26:40,2026-09-15 01:07:02
6047595816446,100.2301,34.4703,100.2301,34.4703,1789446115,1789464600,1789446115,1789446115,1789446115,1789461171,2800,1,0752242651,0,1,1,181,2026-09-15 04:21:55,2026-09-15 09:30:00,2026-09-15 04:21:55,2026-09-15 04:21:55,2026-09-15 04:21:55,2026-09-15 08:32:51
8047595100078,99.9047,33.9653,99.9045,33.9651,1789461241,0,0,0,0,1789461241,1000,1,0743559826,1,0,0,314,2026-09-15 08:34:01,,,,,2026-09-15 08:34:01
8047595412261,100.7434,32.9289,100.7429,32.9285,1789452203,0,0,0,0,1789452203,12000,1,0613329616,1,0,0,531,2026-09-15 06:03:23,,,,,2026-09-15 06:03:23
6047595842519,99.651,33.7539,99.651,33.7539,1789435090,1789452000,1789435090,1789435090,1789435090,1789448737,5000,1,0750298548,0,1,1,240,2026-09-15 01:18:10,2026-09-15 06:00:00,2026-09-15 01:18:10,2026-09-15 01:18:10,2026-09-15 01:18:10,2026-09-15 05:05:37
6047595944005,100.2301,34.4703,100.2301,34.4703,1789433147,1789464600,1789433147,1789433147,1789433147,1789438876,1000,1,0475824345,0,1,0,150,2026-09-15 00:45:47,2026-09-15 09:30:00,2026-09-15 00:45:47,2026-09-15 00:45:47,2026-09-15 00:45:47,2026-09-15 02:21:16
6047595931253,100.2301,34.4703,100.2301,34.4703,1789433723,1789452000,1789433723,1789433723,1789433723,1789442432,4300,1,0731669509,0,1,1,194,2026-09-15 00:55:23,2026-09-15 06:00:00,2026-09-15 00:55:23,2026-09-15 00:55:23,2026-09-15 00:55:23,2026-09-15 03:20:32
6047595818314,98.2098,34.9116,98.2098,34.9116,1789446363,1789454400,1789446363,1789446363,1789446363,1789446525,1400,1,0751983537,0,1,0,155,2026-09-15 04:26:03,2026-09-15 06:40:00,2026-09-15 04:26:03,2026-09-15 04:26:03,2026-09-15 04:26:03,2026-09-15 04:28:45
6047595820335,100.2301,34.4703,100.2301,34.4703,1789445600,1789464600,1789445600,1789445600,1789445600,1789449861,1000,1,0586643499,0,1,0,150,2026-09-15 04:13:20,2026-09-15 09:30:00,2026-09-15 04:13:20,2026-09-15 04:13:20,2026-09-15 04:13:20,2026-09-15 05:24:21
6047595931912,100.2301,34.4703,100.2301,34.4703,1789433710,1789452000,1789433710,1789433710,1789433710,1789439850,8800,1,0586643499,0,1,0,294,2026-09-15 00:55:10,2026-09-15 06:00:00,2026-09-15 00:55:10,2026-09-15 00:55:10,2026-09-15 00:55:10,2026-09-15 02:37:30
8047595698872,99.6488,33.758,99.6488,33.758,1789443066,0,0,0,0,1789443066,1000,1,0600882909,1,0,0,239,2026-09-15 03:31:06,,,,,2026-09-15 03:31:06
6047595819086,100.2301,34.4703,100.2301,34.4703,1789445014,1789464600,1789445014,1789445014,1789445014,1789451170,1000,1,0731669509,0,1,0,147,2026-09-15 04:03:34,2026-09-15 09:30:00,2026-09-15 04:03:34,2026-09-15 04:03:34,2026-09-15 04:03:34,2026-09-15 05:46:10
6047595837927,99.651,33.7539,99.651,33.7539,1789435396,1789447500,1789435396,1789435396,1789435396,1789451606,2500,1,0755146964,0,0,1,212,2026-09-15 01:23:16,2026-09-15 04:45:00,2026-09-15 01:23:16,2026-09-15 01:23:16,2026-09-15 01:23:16,2026-09-15 05:53:26
8047595558911,100.2291,34.4684,100.229,34.4685,1789446512,0,0,0,0,1789446512,1000,1,0475840601,1,0,0,346,2026-09-15 04:28:32,,,,,2026-09-15 04:28:32
6047596066951,99.651,33.7539,99.651,33.7539,1789430834,1789452000,1789430835,1789430835,1789430835,1789447314,400,1,0722476819,0,1,1,117,2026-09-15 00:07:14,2026-09-15 06:00:00,2026-09-15 00:07:15,2026-09-15 00:07:15,2026-09-15 00:07:15,2026-09-15 04:41:54
6047595837948,99.651,33.7539,99.651,33.7539,1789435395,1789452000,1789435395,1789435395,1789435395,1789447444,5000,1,0755146964,0,1,1,257,2026-09-15 01:23:15,2026-09-15 06:00:00,2026-09-15 01:23:15,2026-09-15 01:23:15,2026-09-15 01:23:15,2026-09-15 04:44:04
8047595381413,100.229,34.4685,100.229,34.4685,1789451310,0,0,0,0,1789451310,930,1,0757590820,1,0,0,136,2026-09-15 05:48:30,,,,,2026-09-15 05:48:30
6047595844531,99.9047,33.9653,99.9047,33.9653,1789434962,1789444800,1789439862,1789439862,1789439862,1789448164,2500,1,0745296255,0,0,1,203,2026-09-15 01:16:02,2026-09-15 04:00:00,2026-09-15 02:37:42,2026-09-15 02:37:42,2026-09-15 02:37:42,2026-09-15 04:56:04
8047594722747,100.2291,34.4684,100.229,34.4685,1789468693,0,0,0,0,1789468693,1000,1,0729515412,1,0,0,303,2026-09-15 10:38:13,,,,,2026-09-15 10:38:13
6047595944239,100.2301,34.4703,100.2301,34.4703,1789433162,1789444800,1789433162,1789433162,1789433162,1789442704,2300,1,0731669509,0,1,1,171,2026-09-15 00:46:02,2026-09-15 04:00:00,2026-09-15 00:46:02,2026-09-15 00:46:02,2026-09-15 00:46:02,2026-09-15 03:25:04
6047595841347,99.651,33.7539,99.651,33.7539,1789435067,1789452000,1789435067,1789435067,1789435067,1789441552,3700,1,0756924451,0,1,0,225,2026-09-15 01:17:47,2026-09-15 06:00:00,2026-09-15 01:17:47,2026-09-15 01:17:47,2026-09-15 01:17:47,2026-09-15 03:05:52
6047595933293,100.2301,34.4703,100.2301,34.4703,1789433619,1789444800,1789433619,1789433619,1789433619,0,1000,2,\\N,0,0,0,0,2026-09-15 00:53:39,2026-09-15 04:00:00,2026-09-15 00:53:39,2026-09-15 00:53:39,2026-09-15 00:53:39,
6047595821893,100.2301,34.4703,100.2301,34.4703,1789444830,1789480800,1789444830,1789444830,1789444830,0,400,2,\\N,0,0,0,0,2026-09-15 04:00:30,2026-09-15 14:00:00,2026-09-15 04:00:30,2026-09-15 04:00:30,2026-09-15 04:00:30,
6047595852005,100.6256,33.7266,100.6256,33.7266,1789434376,1789452000,1789434376,1789434376,1789434376,1789436300,9000,1,0678203599,0,1,0,306,2026-09-15 01:06:16,2026-09-15 06:00:00,2026-09-15 01:06:16,2026-09-15 01:06:16,2026-09-15 01:06:16,2026-09-15 01:38:20
6047595837899,99.651,33.7539,99.651,33.7539,1789435398,1789452000,1789435398,1789435398,1789435398,1789437816,2500,1,0755146964,0,1,0,166,2026-09-15 01:23:18,2026-09-15 06:00:00,2026-09-15 01:23:18,2026-09-15 01:23:18,2026-09-15 01:23:18,2026-09-15 02:03:36
8047595208403,99.6488,33.758,99.6488,33.758,1789457115,0,0,0,0,1789457115,1000,1,0600882909,1,0,0,360,2026-09-15 07:25:15,,,,,2026-09-15 07:25:15
6047595818070,100.2301,34.4703,100.2301,34.4703,1789446274,1789464600,1789446274,1789446274,1789446274,0,1000,2,\\N,0,0,0,0,2026-09-15 04:24:34,2026-09-15 09:30:00,2026-09-15 04:24:34,2026-09-15 04:24:34,2026-09-15 04:24:34,
6047595946795,99.9047,33.9653,99.9047,33.9653,1789433139,1789447800,1789433139,1789433139,1789433139,1789433990,2050000,1,0745296255,0,1,0,252,2026-09-15 00:45:39,2026-09-15 04:50:00,2026-09-15 00:45:39,2026-09-15 00:45:39,2026-09-15 00:45:39,2026-09-15 00:59:50
6047595939246,100.2301,34.4703,100.2301,34.4703,1789433331,1789444800,1789433331,1789433331,1789433331,1789440681,1000,1,0731669509,0,1,0,166,2026-09-15 00:48:51,2026-09-15 04:00:00,2026-09-15 00:48:51,2026-09-15 00:48:51,2026-09-15 00:48:51,2026-09-15 02:51:21
6047595830001,100.738,32.9324,100.738,32.9324,1789441807,1789464600,1789441807,1789441807,1789441807,1789444320,1000,1,0649086388,0,1,0,147,2026-09-15 03:10:07,2026-09-15 09:30:00,2026-09-15 03:10:07,2026-09-15 03:10:07,2026-09-15 03:10:07,2026-09-15 03:52:00
6047595827764,100.738,32.9324,100.738,32.9324,1789442123,1789464600,1789442123,1789442123,1789442123,1789456875,272000,1,0613329616,0,1,1,66,2026-09-15 03:15:23,2026-09-15 09:30:00,2026-09-15 03:15:23,2026-09-15 03:15:23,2026-09-15 03:15:23,2026-09-15 07:21:15
8047594786168,100.2291,34.4684,100.229,34.4685,1789466844,0,0,0,0,1789466844,3300,1,0475840601,1,0,0,286,2026-09-15 10:07:24,,,,,2026-09-15 10:07:24
6047595837979,99.651,33.7539,99.651,33.7539,1789435393,1789447500,1789435393,1789435393,1789435393,0,1000,2,\\N,0,0,0,0,2026-09-15 01:23:13,2026-09-15 04:45:00,2026-09-15 01:23:13,2026-09-15 01:23:13,2026-09-15 01:23:13,
6047595845953,99.651,33.7539,99.651,33.7539,1789434760,1789447500,1789467454,1789467454,1789467454,1789469863,1300,1,0750298548,0,0,1,144,2026-09-15 01:12:40,2026-09-15 04:45:00,2026-09-15 10:17:34,2026-09-15 10:17:34,2026-09-15 10:17:34,2026-09-15 10:57:43
6047595832635,99.651,33.7539,99.651,33.7539,1789441311,1789444899,1789441311,1789441311,1789441311,1789441320,20000,1,0722476819,0,1,0,229,2026-09-15 03:01:51,2026-09-15 04:01:39,2026-09-15 03:01:51,2026-09-15 03:01:51,2026-09-15 03:01:51,2026-09-15 03:02:00
6047595820219,100.2301,34.4703,100.2301,34.4703,1789445634,1789464600,1789445634,1789445634,1789445634,1789450817,1000,1,0573276138,0,1,0,166,2026-09-15 04:13:54,2026-09-15 09:30:00,2026-09-15 04:13:54,2026-09-15 04:13:54,2026-09-15 04:13:54,2026-09-15 05:40:17
6047595828672,98.2098,34.9116,98.2098,34.9116,1789441587,1789452000,1789441587,1789441587,1789441587,0,1200,2,\\N,0,0,0,0,2026-09-15 03:06:27,2026-09-15 06:00:00,2026-09-15 03:06:27,2026-09-15 03:06:27,2026-09-15 03:06:27,
8047595561756,100.2291,34.4684,100.229,34.4685,1789446508,0,0,0,0,1789446508,1000,1,0475840601,1,0,0,239,2026-09-15 04:28:28,,,,,2026-09-15 04:28:28
6047595841390,99.651,33.7539,99.651,33.7539,1789435065,1789447500,1789435065,1789435065,1789435065,1789439293,1000,1,0756924451,0,1,0,169,2026-09-15 01:17:45,2026-09-15 04:45:00,2026-09-15 01:17:45,2026-09-15 01:17:45,2026-09-15 01:17:45,2026-09-15 02:28:13
6047595827370,100.738,32.9324,100.738,32.9324,1789441888,1789464600,1789441888,1789441888,1789441888,1789454315,1000,1,0613329616,0,1,1,175,2026-09-15 03:11:28,2026-09-15 09:30:00,2026-09-15 03:11:28,2026-09-15 03:11:28,2026-09-15 03:11:28,2026-09-15 06:38:35
6047595956401,100.2301,34.4703,100.2301,34.4703,1789432758,1789444800,1789432758,1789432758,1789432758,1789441250,25000,1,0525201215,0,1,1,271,2026-09-15 00:39:18,2026-09-15 04:00:00,2026-09-15 00:39:18,2026-09-15 00:39:18,2026-09-15 00:39:18,2026-09-15 03:00:50
6047596067144,99.651,33.7539,99.651,33.7539,1789430833,1789452000,1789430833,1789430833,1789430833,0,1000,2,\\N,0,0,0,0,2026-09-15 00:07:13,2026-09-15 06:00:00,2026-09-15 00:07:13,2026-09-15 00:07:13,2026-09-15 00:07:13,
6047595842387,99.9047,33.9653,99.9047,33.9653,1789435122,1789447800,1789435122,1789435122,1789435122,1789447940,118000,1,0745296255,0,0,1,334,2026-09-15 01:18:42,2026-09-15 04:50:00,2026-09-15 01:18:42,2026-09-15 01:18:42,2026-09-15 01:18:42,2026-09-15 04:52:20
6047595865341,100.2301,34.4703,100.2301,34.4703,1789433840,1789452000,1789446040,1789446040,1789446040,1789450698,2500,1,0752242651,0,1,1,160,2026-09-15 00:57:20,2026-09-15 06:00:00,2026-09-15 04:20:40,2026-09-15 04:20:40,2026-09-15 04:20:40,2026-09-15 05:38:18
8047595363108,99.6488,33.758,99.6488,33.758,1789454019,0,0,0,0,1789454019,1500,1,0600882909,1,0,0,239,2026-09-15 06:33:39,,,,,2026-09-15 06:33:39
8047595874498,100.229,34.4685,100.229,34.4685,1789439284,0,0,0,0,1789439284,5500,1,0757590820,1,0,0,260,2026-09-15 02:28:04,,,,,2026-09-15 02:28:04
6047595822417,100.2301,34.4703,100.2301,34.4703,1789444395,1789464600,1789444395,1789444395,1789444395,0,1000,2,\\N,0,0,0,0,2026-09-15 03:53:15,2026-09-15 09:30:00,2026-09-15 03:53:15,2026-09-15 03:53:15,2026-09-15 03:53:15,
6047595827725,100.738,32.9324,100.738,32.9324,1789442126,1789464600,1789442126,1789442126,1789442126,1789456875,272000,1,0613329616,0,1,1,66,2026-09-15 03:15:26,2026-09-15 09:30:00,2026-09-15 03:15:26,2026-09-15 03:15:26,2026-09-15 03:15:26,2026-09-15 07:21:15
6047595943974,100.2301,34.4703,100.2301,34.4703,1789433149,1789452000,1789433149,1789433149,1789433149,1789437193,420,1,0475824345,0,1,0,117,2026-09-15 00:45:49,2026-09-15 06:00:00,2026-09-15 00:45:49,2026-09-15 00:45:49,2026-09-15 00:45:49,2026-09-15 01:53:13
6047595845567,99.651,33.7539,99.651,33.7539,1789434754,1789452000,1789435740,1789435740,1789435740,1789435842,1200,1,0755146964,0,1,0,161,2026-09-15 01:12:34,2026-09-15 06:00:00,2026-09-15 01:29:00,2026-09-15 01:29:00,2026-09-15 01:29:00,2026-09-15 01:30:42
6047595935867,100.2301,34.4703,100.2301,34.4703,1789433500,1789452000,1789433500,1789433500,1789433500,1789441702,600,1,0731669509,0,1,1,132,2026-09-15 00:51:40,2026-09-15 06:00:00,2026-09-15 00:51:40,2026-09-15 00:51:40,2026-09-15 00:51:40,2026-09-15 03:08:22
6047595936875,100.2301,34.4703,100.2301,34.4703,1789433544,1789452000,1789433544,1789433544,1789433544,1789440162,580,1,0586643499,0,1,0,149,2026-09-15 00:52:24,2026-09-15 06:00:00,2026-09-15 00:52:24,2026-09-15 00:52:24,2026-09-15 00:52:24,2026-09-15 02:42:42
8047595176058,99.9047,33.9653,99.9045,33.9651,1789459458,0,0,0,0,1789459458,1000,1,0745296255,1,0,0,239,2026-09-15 08:04:18,,,,,2026-09-15 08:04:18
8047595099572,99.9047,33.9653,99.9045,33.9651,1789461249,0,0,0,0,1789461249,1000,1,0743559826,1,0,0,239,2026-09-15 08:34:09,,,,,2026-09-15 08:34:09
8047595572015,100.2291,34.4684,100.229,34.4685,1789444617,0,0,0,0,1789444617,3000,1,0757590820,1,0,0,239,2026-09-15 03:56:57,,,,,2026-09-15 03:56:57
6047595837965,99.651,33.7539,99.651,33.7539,1789435394,1789447500,1789435394,1789435394,1789435394,0,1000,2,\\N,0,0,0,0,2026-09-15 01:23:14,2026-09-15 04:45:00,2026-09-15 01:23:14,2026-09-15 01:23:14,2026-09-15 01:23:14,
8047595119127,100.246,34.4593,101.4832,33.4229,1789459283,0,0,0,0,1789459283,20500,1,0678203599,1,0,0,840,2026-09-15 08:01:23,,,,,2026-09-15 08:01:23
6047595818429,98.2098,34.9116,98.2098,34.9116,1789445315,1789454400,1789445315,1789445315,1789445315,1789445379,1000,1,0751983537,0,1,0,147,2026-09-15 04:08:35,2026-09-15 06:40:00,2026-09-15 04:08:35,2026-09-15 04:08:35,2026-09-15 04:08:35,2026-09-15 04:09:39
6047595827951,100.738,32.9324,100.738,32.9324,1789442180,1789480800,1789442180,1789442180,1789442180,1789446899,650,1,0613329616,0,1,0,191,2026-09-15 03:16:20,2026-09-15 14:00:00,2026-09-15 03:16:20,2026-09-15 03:16:20,2026-09-15 03:16:20,2026-09-15 04:34:59
6047595827704,100.738,32.9324,100.738,32.9324,1789442129,1789464600,1789442129,1789442129,1789442129,1789456875,272000,1,0613329616,0,1,1,66,2026-09-15 03:15:29,2026-09-15 09:30:00,2026-09-15 03:15:29,2026-09-15 03:15:29,2026-09-15 03:15:29,2026-09-15 07:21:15
6047595840899,99.651,33.7539,99.651,33.7539,1789435063,1789452300,1789435063,1789435063,1789435063,0,8000,2,\\N,0,0,0,0,2026-09-15 01:17:43,2026-09-15 06:05:00,2026-09-15 01:17:43,2026-09-15 01:17:43,2026-09-15 01:17:43,
6047595841403,99.651,33.7539,99.651,33.7539,1789435063,1789452000,1789435063,1789435063,1789435063,1789443528,4300,1,0756924451,0,1,1,227,2026-09-15 01:17:43,2026-09-15 06:00:00,2026-09-15 01:17:43,2026-09-15 01:17:43,2026-09-15 01:17:43,2026-09-15 03:38:48
6047595842274,99.9047,33.9653,99.9047,33.9653,1789435127,1789447800,1789435127,1789435127,1789435127,1789447940,118000,1,0745296255,0,0,1,334,2026-09-15 01:18:47,2026-09-15 04:50:00,2026-09-15 01:18:47,2026-09-15 01:18:47,2026-09-15 01:18:47,2026-09-15 04:52:20
8047595561722,100.2291,34.4684,100.229,34.4685,1789446508,0,0,0,0,1789446508,1000,1,0475840601,1,0,0,239,2026-09-15 04:28:28,,,,,2026-09-15 04:28:28
6047595846003,99.651,33.7539,99.651,33.7539,1789434757,1789452000,1789434757,1789434757,1789434757,0,400,2,\\N,0,0,0,0,2026-09-15 01:12:37,2026-09-15 06:00:00,2026-09-15 01:12:37,2026-09-15 01:12:37,2026-09-15 01:12:37,
6047595837958,99.651,33.7539,99.651,33.7539,1789435394,1789447500,1789435394,1789435394,1789435394,1789449572,1000,1,0755146964,0,0,1,166,2026-09-15 01:23:14,2026-09-15 04:45:00,2026-09-15 01:23:14,2026-09-15 01:23:14,2026-09-15 01:23:14,2026-09-15 05:19:32
6047595944743,100.2301,34.4703,100.2301,34.4703,1789433223,1789444800,1789433223,1789433223,1789433223,1789439125,1000,1,0729515412,0,1,0,166,2026-09-15 00:47:03,2026-09-15 04:00:00,2026-09-15 00:47:03,2026-09-15 00:47:03,2026-09-15 00:47:03,2026-09-15 02:25:25
6047595827371,100.738,32.9324,100.738,32.9324,1789441888,1789464600,1789441888,1789441888,1789441888,1789448177,1500,1,0613329616,0,1,0,203,2026-09-15 03:11:28,2026-09-15 09:30:00,2026-09-15 03:11:28,2026-09-15 03:11:28,2026-09-15 03:11:28,2026-09-15 04:56:17
6047595955806,100.2301,34.4703,100.2301,34.4703,1789432761,1789444800,1789432761,1789432761,1789432761,1789441206,27500,1,0525201215,0,1,1,292,2026-09-15 00:39:21,2026-09-15 04:00:00,2026-09-15 00:39:21,2026-09-15 00:39:21,2026-09-15 00:39:21,2026-09-15 03:00:06
6047595842561,99.651,33.7539,99.651,33.7539,1789435088,1789452000,1789435088,1789435088,1789435088,1789445630,400,1,0750298548,0,1,1,117,2026-09-15 01:18:08,2026-09-15 06:00:00,2026-09-15 01:18:08,2026-09-15 01:18:08,2026-09-15 01:18:08,2026-09-15 04:13:50
6047595827348,100.738,32.9324,100.738,32.9324,1789441891,1789464600,1789441891,1789441891,1789441891,1789448448,4800,1,0613329616,0,1,0,246,2026-09-15 03:11:31,2026-09-15 09:30:00,2026-09-15 03:11:31,2026-09-15 03:11:31,2026-09-15 03:11:31,2026-09-15 05:00:48
6047595941760,99.9047,33.9653,99.9047,33.9653,1789433235,1789447800,1789433235,1789433235,1789433235,1789433990,2050000,1,0745296255,0,1,0,252,2026-09-15 00:47:15,2026-09-15 04:50:00,2026-09-15 00:47:15,2026-09-15 00:47:15,2026-09-15 00:47:15,2026-09-15 00:59:50
6047595842525,99.651,33.7539,99.651,33.7539,1789435090,1789447500,1789435090,1789435090,1789435090,1789446076,1000,1,0750298548,0,1,1,166,2026-09-15 01:18:10,2026-09-15 04:45:00,2026-09-15 01:18:10,2026-09-15 01:18:10,2026-09-15 01:18:10,2026-09-15 04:21:16
6047595887306,100.2301,34.4703,100.2301,34.4703,1789436529,1789452000,1789436529,1789436529,1789436529,1789436646,1700,1,0586643499,0,1,0,148,2026-09-15 01:42:09,2026-09-15 06:00:00,2026-09-15 01:42:09,2026-09-15 01:42:09,2026-09-15 01:42:09,2026-09-15 01:44:06
6047595949730,99.9047,33.9653,99.9047,33.9653,1789432981,1789447800,1789432981,1789432981,1789432981,1789433990,2050000,1,0745296255,0,1,0,252,2026-09-15 00:43:01,2026-09-15 04:50:00,2026-09-15 00:43:01,2026-09-15 00:43:01,2026-09-15 00:43:01,2026-09-15 00:59:50
6047595829994,100.738,32.9324,100.738,32.9324,1789441808,1789464600,1789441808,1789441808,1789441808,1789453009,1000,1,0649086388,0,1,1,212,2026-09-15 03:10:08,2026-09-15 09:30:00,2026-09-15 03:10:08,2026-09-15 03:10:08,2026-09-15 03:10:08,2026-09-15 06:16:49
6047595844596,99.9047,33.9653,99.9047,33.9653,1789434959,1789452000,1789434959,1789434959,1789434959,0,1600,2,\\N,0,0,0,0,2026-09-15 01:15:59,2026-09-15 06:00:00,2026-09-15 01:15:59,2026-09-15 01:15:59,2026-09-15 01:15:59,
6047595931512,100.2301,34.4703,100.2301,34.4703,1789433732,1789444800,1789433732,1789433732,1789433732,0,1700,2,\\N,0,0,0,0,2026-09-15 00:55:32,2026-09-15 04:00:00,2026-09-15 00:55:32,2026-09-15 00:55:32,2026-09-15 00:55:32,
6047595827377,100.738,32.9324,100.738,32.9324,1789441887,1789480800,1789441887,1789441887,1789441887,1789448602,550,1,0613329616,0,1,0,135,2026-09-15 03:11:27,2026-09-15 14:00:00,2026-09-15 03:11:27,2026-09-15 03:11:27,2026-09-15 03:11:27,2026-09-15 05:03:22
6047595828906,98.2098,34.9116,98.2098,34.9116,1789441633,1789452000,1789441633,1789441633,1789441633,1789451586,17500,1,0751983537,0,1,1,448,2026-09-15 03:07:13,2026-09-15 06:00:00,2026-09-15 03:07:13,2026-09-15 03:07:13,2026-09-15 03:07:13,2026-09-15 05:53:06
6047595827789,100.738,32.9324,100.738,32.9324,1789442121,1789464600,1789442121,1789442121,1789442121,1789456875,272000,1,0613329616,0,1,1,66,2026-09-15 03:15:21,2026-09-15 09:30:00,2026-09-15 03:15:21,2026-09-15 03:15:21,2026-09-15 03:15:21,2026-09-15 07:21:15
8047595405482,100.229,34.4685,100.229,34.4685,1789449876,0,0,0,0,1789449876,560,1,0757590820,1,0,0,136,2026-09-15 05:24:36,,,,,2026-09-15 05:24:36
6047595820530,100.2301,34.4703,100.2301,34.4703,1789443991,1789480800,1789443991,1789443991,1789443991,1789448495,1000,1,0475824345,0,1,0,135,2026-09-15 03:46:31,2026-09-15 14:00:00,2026-09-15 03:46:31,2026-09-15 03:46:31,2026-09-15 03:46:31,2026-09-15 05:01:35
8047594731092,100.7434,32.9289,100.7429,32.9285,1789468504,0,0,0,0,1789468504,1000,1,0613329616,1,0,0,321,2026-09-15 10:35:04,,,,,2026-09-15 10:35:04
8047595066423,100.7429,32.9285,100.7429,32.9285,1789460825,0,0,0,0,1789460826,7500,1,0613329616,1,0,0,286,2026-09-15 08:27:05,,,,,2026-09-15 08:27:06
6047595940278,100.2301,34.4703,100.2301,34.4703,1789433385,1789444800,1789433385,1789433385,1789433385,1789440214,1000,1,0752242651,0,1,0,157,2026-09-15 00:49:45,2026-09-15 04:00:00,2026-09-15 00:49:45,2026-09-15 00:49:45,2026-09-15 00:49:45,2026-09-15 02:43:34
6047595844989,99.9047,33.9653,99.9047,33.9653,1789434965,1789466400,1789451574,1789451574,1789451574,1789451580,33000,1,0743559826,0,1,1,330,2026-09-15 01:16:05,2026-09-15 10:00:00,2026-09-15 05:52:54,2026-09-15 05:52:54,2026-09-15 05:52:54,2026-09-15 05:53:00
8047595123483,99.6488,33.758,99.6488,33.758,1789459196,0,0,0,0,1789459196,1000,1,0722476819,1,0,0,356,2026-09-15 07:59:56,,,,,2026-09-15 07:59:56
6047595817316,100.2301,34.4703,100.2301,34.4703,1789445963,1789464600,1789445963,1789445963,1789445963,1789451699,1000,1,0752242651,0,1,0,119,2026-09-15 04:19:23,2026-09-15 09:30:00,2026-09-15 04:19:23,2026-09-15 04:19:23,2026-09-15 04:19:23,2026-09-15 05:54:59
6047595939724,100.2301,34.4703,100.2301,34.4703,1789433312,1789444800,1789433312,1789433312,1789433312,1789441223,1000,1,0752242651,0,1,0,157,2026-09-15 00:48:32,2026-09-15 04:00:00,2026-09-15 00:48:32,2026-09-15 00:48:32,2026-09-15 00:48:32,2026-09-15 03:00:23
6047595840932,99.651,33.7539,99.651,33.7539,1789435062,1789447500,1789435062,1789435062,1789435062,1789463636,1000,1,0756924451,0,0,1,175,2026-09-15 01:17:42,2026-09-15 04:45:00,2026-09-15 01:17:42,2026-09-15 01:17:42,2026-09-15 01:17:42,2026-09-15 09:13:56
6047595817336,100.2301,34.4703,100.2301,34.4703,1789445951,1789464600,1789445951,1789445951,1789445951,1789451517,1700,1,0752242651,0,1,0,132,2026-09-15 04:19:11,2026-09-15 09:30:00,2026-09-15 04:19:11,2026-09-15 04:19:11,2026-09-15 04:19:11,2026-09-15 05:51:57
6047595837929,99.651,33.7539,99.651,33.7539,1789435396,1789447500,1789435396,1789435396,1789435396,1789440714,6400,1,0755146964,0,1,0,285,2026-09-15 01:23:16,2026-09-15 04:45:00,2026-09-15 01:23:16,2026-09-15 01:23:16,2026-09-15 01:23:16,2026-09-15 02:51:54
6047595827731,100.738,32.9324,100.738,32.9324,1789442125,1789464600,1789442125,1789442125,1789442125,1789456875,272000,1,0613329616,0,1,1,66,2026-09-15 03:15:25,2026-09-15 09:30:00,2026-09-15 03:15:25,2026-09-15 03:15:25,2026-09-15 03:15:25,2026-09-15 07:21:15
6047595937795,100.2301,34.4703,100.2301,34.4703,1789433406,1789444800,1789433406,1789433406,1789433406,1789442634,39500,1,0525201215,0,1,1,440,2026-09-15 00:50:06,2026-09-15 04:00:00,2026-09-15 00:50:06,2026-09-15 00:50:06,2026-09-15 00:50:06,2026-09-15 03:23:54
6047595841977,99.9047,33.9653,99.9047,33.9653,1789435113,1789452000,1789435113,1789435113,1789435113,1789465657,250,1,0743559826,0,0,1,135,2026-09-15 01:18:33,2026-09-15 06:00:00,2026-09-15 01:18:33,2026-09-15 01:18:33,2026-09-15 01:18:33,2026-09-15 09:47:37
6047595846460,99.9047,33.9653,99.9047,33.9653,1789434868,1789447800,1789434963,1789434963,1789434963,0,3800,2,\\N,0,0,0,0,2026-09-15 01:14:28,2026-09-15 04:50:00,2026-09-15 01:16:03,2026-09-15 01:16:03,2026-09-15 01:16:03,
6047595943953,100.2301,34.4703,100.2301,34.4703,1789433149,1789444800,1789433149,1789433149,1789433149,1789437330,1300,1,0475824345,0,1,0,156,2026-09-15 00:45:49,2026-09-15 04:00:00,2026-09-15 00:45:49,2026-09-15 00:45:49,2026-09-15 00:45:49,2026-09-15 01:55:30
6047595845978,99.651,33.7539,99.651,33.7539,1789434758,1789447500,1789434758,1789434758,1789434758,0,1800,2,\\N,0,0,0,0,2026-09-15 01:12:38,2026-09-15 04:45:00,2026-09-15 01:12:38,2026-09-15 01:12:38,2026-09-15 01:12:38,
6047595822360,100.2301,34.4703,100.2301,34.4703,1789444457,1789464600,1789444457,1789444457,1789444457,1789447361,11000,1,0525201215,0,1,0,194,2026-09-15 03:54:17,2026-09-15 09:30:00,2026-09-15 03:54:17,2026-09-15 03:54:17,2026-09-15 03:54:17,2026-09-15 04:42:41
6047595841982,99.9047,33.9653,99.9047,33.9653,1789435113,1789466400,1789435113,1789435113,1789435113,1789451557,33000,1,0743559826,0,1,1,330,2026-09-15 01:18:33,2026-09-15 10:00:00,2026-09-15 01:18:33,2026-09-15 01:18:33,2026-09-15 01:18:33,2026-09-15 05:52:37
6047595931664,100.2301,34.4703,100.2301,34.4703,1789433692,1789452000,1789446039,1789446039,1789446039,1789450358,2600,1,0752242651,0,1,1,171,2026-09-15 00:54:52,2026-09-15 06:00:00,2026-09-15 04:20:39,2026-09-15 04:20:39,2026-09-15 04:20:39,2026-09-15 05:32:38
6047595842096,99.9047,33.9653,99.9047,33.9653,1789435110,1789452000,1789435110,1789435110,1789435110,1789437787,1000,1,0743559826,0,1,0,758,2026-09-15 01:18:30,2026-09-15 06:00:00,2026-09-15 01:18:30,2026-09-15 01:18:30,2026-09-15 01:18:30,2026-09-15 02:03:07
6047595577110,98.2098,34.9116,98.2098,34.9116,1789466331,1789469926,1789466331,1789466331,1789466331,1789466543,1400,1,0751983537,0,1,0,190,2026-09-15 09:58:51,2026-09-15 10:58:46,2026-09-15 09:58:51,2026-09-15 09:58:51,2026-09-15 09:58:51,2026-09-15 10:02:23
6047595628645,98.2098,34.9116,98.2098,34.9116,1789471286,1789474880,1789471286,1789471286,1789471286,1789472072,16000,1,0751983537,0,1,0,426,2026-09-15 11:21:26,2026-09-15 12:21:20,2026-09-15 11:21:26,2026-09-15 11:21:26,2026-09-15 11:21:26,2026-09-15 11:34:32
6047595828586,98.2098,34.9116,98.2098,34.9116,1789442069,1789454400,1789442069,1789442069,1789442069,0,790,2,\\N,0,0,0,0,2026-09-15 03:14:29,2026-09-15 06:40:00,2026-09-15 03:14:29,2026-09-15 03:14:29,2026-09-15 03:14:29,
6047595826898,98.2098,34.9116,98.2098,34.9116,1789441996,1789452000,1789441996,1789441996,1789441996,1789446174,2000,1,0751983537,0,1,0,159,2026-09-15 03:13:16,2026-09-15 06:00:00,2026-09-15 03:13:16,2026-09-15 03:13:16,2026-09-15 03:13:16,2026-09-15 04:22:54
6047595842008,99.9047,33.9653,99.9047,33.9653,1789435112,1789444800,1789435112,1789435112,1789435112,1789439114,1000,1,0743559826,0,1,0,150,2026-09-15 01:18:32,2026-09-15 04:00:00,2026-09-15 01:18:32,2026-09-15 01:18:32,2026-09-15 01:18:32,2026-09-15 02:25:14
6047595842489,99.651,33.7539,99.651,33.7539,1789435090,1789452000,1789435090,1789435090,1789435090,1789442381,50,1,0750298548,0,1,0,117,2026-09-15 01:18:10,2026-09-15 06:00:00,2026-09-15 01:18:10,2026-09-15 01:18:10,2026-09-15 01:18:10,2026-09-15 03:19:41
6047595820211,100.2301,34.4703,100.2301,34.4703,1789445637,1789480800,1789445637,1789445637,1789445637,1789450137,500,1,0573276138,0,1,0,135,2026-09-15 04:13:57,2026-09-15 14:00:00,2026-09-15 04:13:57,2026-09-15 04:13:57,2026-09-15 04:13:57,2026-09-15 05:28:57
6047595841995,99.9047,33.9653,99.9047,33.9653,1789435112,1789444800,1789435112,1789435112,1789435112,1789441830,1000,1,0743559826,0,1,0,175,2026-09-15 01:18:32,2026-09-15 04:00:00,2026-09-15 01:18:32,2026-09-15 01:18:32,2026-09-15 01:18:32,2026-09-15 03:10:30
8047595362820,99.6488,33.758,99.6488,33.758,1789454013,0,0,0,0,1789454013,1000,1,0600882909,1,0,0,310,2026-09-15 06:33:33,,,,,2026-09-15 06:33:33
6047595944737,100.2301,34.4703,100.2301,34.4703,1789433223,1789452000,1789433223,1789433223,1789433223,1789440616,1000,1,0586643499,0,1,0,141,2026-09-15 00:47:03,2026-09-15 06:00:00,2026-09-15 00:47:03,2026-09-15 00:47:03,2026-09-15 00:47:03,2026-09-15 02:50:16
6047595948063,100.2301,34.4703,100.2301,34.4703,1789433023,1789444800,1789433023,1789433023,1789433023,1789439956,1000,1,0573276138,0,1,0,157,2026-09-15 00:43:43,2026-09-15 04:00:00,2026-09-15 00:43:43,2026-09-15 00:43:43,2026-09-15 00:43:43,2026-09-15 02:39:16
6047595584757,99.651,33.7539,99.651,33.7539,1789465156,1789468746,1789465156,1789465156,1789465156,1789465264,19000,1,0722476819,0,1,0,492,2026-09-15 09:39:16,2026-09-15 10:39:06,2026-09-15 09:39:16,2026-09-15 09:39:16,2026-09-15 09:39:16,2026-09-15 09:41:04
6047595947015,100.2301,34.4703,100.2301,34.4703,1789433119,1789452000,1789433119,1789433119,1789433119,1789440616,1000,1,0586643499,0,1,0,141,2026-09-15 00:45:19,2026-09-15 06:00:00,2026-09-15 00:45:19,2026-09-15 00:45:19,2026-09-15 00:45:19,2026-09-15 02:50:16
6047595830009,100.738,32.9324,100.738,32.9324,1789441806,1789480800,1789441807,1789441807,1789441807,1789446563,720,1,0649086388,0,1,0,174,2026-09-15 03:10:06,2026-09-15 14:00:00,2026-09-15 03:10:07,2026-09-15 03:10:07,2026-09-15 03:10:07,2026-09-15 04:29:23
6047595944699,100.2301,34.4703,100.2301,34.4703,1789433224,1789452000,1789433224,1789433224,1789433224,0,200,2,\\N,0,0,0,0,2026-09-15 00:47:04,2026-09-15 06:00:00,2026-09-15 00:47:04,2026-09-15 00:47:04,2026-09-15 00:47:04,
8047595607154,100.7434,32.9289,100.7429,32.9285,1789445084,0,0,0,0,1789445084,1000,1,0613329616,1,0,0,239,2026-09-15 04:04:44,,,,,2026-09-15 04:04:44
6047595842308,99.9047,33.9653,99.9047,33.9653,1789435124,1789452000,1789435124,1789435124,1789435124,0,400,2,\\N,0,0,0,0,2026-09-15 01:18:44,2026-09-15 06:00:00,2026-09-15 01:18:44,2026-09-15 01:18:44,2026-09-15 01:18:44,
6047595827772,100.738,32.9324,100.738,32.9324,1789442123,1789464600,1789442123,1789442123,1789442123,1789456875,272000,1,0613329616,0,1,1,66,2026-09-15 03:15:23,2026-09-15 09:30:00,2026-09-15 03:15:23,2026-09-15 03:15:23,2026-09-15 03:15:23,2026-09-15 07:21:15
6047595842414,99.9047,33.9653,99.9047,33.9653,1789435120,1789444800,1789435120,1789435120,1789435120,0,1000,2,\\N,0,0,0,0,2026-09-15 01:18:40,2026-09-15 04:00:00,2026-09-15 01:18:40,2026-09-15 01:18:40,2026-09-15 01:18:40,
6047595937748,100.2301,34.4703,100.2301,34.4703,1789433410,1789444800,1789433410,1789433410,1789433410,1789436922,5800,1,0731669509,0,1,0,222,2026-09-15 00:50:10,2026-09-15 04:00:00,2026-09-15 00:50:10,2026-09-15 00:50:10,2026-09-15 00:50:10,2026-09-15 01:48:42
6047595821215,100.2301,34.4703,100.2301,34.4703,1789443920,1789464600,1789443920,1789443920,1789443920,1789464405,6900,1,0475824345,0,1,1,257,2026-09-15 03:45:20,2026-09-15 09:30:00,2026-09-15 03:45:20,2026-09-15 03:45:20,2026-09-15 03:45:20,2026-09-15 09:26:45
6047595829535,98.2098,34.9116,98.2098,34.9116,1789441513,1789454400,1789441513,1789441513,1789441513,1789447305,4800,1,0751983537,0,1,0,283,2026-09-15 03:05:13,2026-09-15 06:40:00,2026-09-15 03:05:13,2026-09-15 03:05:13,2026-09-15 03:05:13,2026-09-15 04:41:45
6047595937736,100.2301,34.4703,100.2301,34.4703,1789433411,1789444800,1789433411,1789433411,1789433411,1789442634,39500,1,0525201215,0,1,1,440,2026-09-15 00:50:11,2026-09-15 04:00:00,2026-09-15 00:50:11,2026-09-15 00:50:11,2026-09-15 00:50:11,2026-09-15 03:23:54
6047595816148,100.2301,34.4703,100.2301,34.4703,1789447193,1789480800,1789447193,1789447193,1789447193,1789457219,470,1,0752242651,0,1,1,135,2026-09-15 04:39:53,2026-09-15 14:00:00,2026-09-15 04:39:53,2026-09-15 04:39:53,2026-09-15 04:39:53,2026-09-15 07:26:59
6047595839436,99.651,33.7539,99.651,33.7539,1789435152,1789447500,1789435152,1789435152,1789435152,0,500,2,\\N,0,0,0,0,2026-09-15 01:19:12,2026-09-15 04:45:00,2026-09-15 01:19:12,2026-09-15 01:19:12,2026-09-15 01:19:12,
6047595944712,100.2301,34.4703,100.2301,34.4703,1789433224,1789452000,1789433224,1789433224,1789433224,1789439300,1000,1,0729515412,0,1,0,149,2026-09-15 00:47:04,2026-09-15 06:00:00,2026-09-15 00:47:04,2026-09-15 00:47:04,2026-09-15 00:47:04,2026-09-15 02:28:20
6047595837952,99.651,33.7539,99.651,33.7539,1789435394,1789452000,1789435394,1789435394,1789435394,1789445650,550,1,0755146964,0,1,1,149,2026-09-15 01:23:14,2026-09-15 06:00:00,2026-09-15 01:23:14,2026-09-15 01:23:14,2026-09-15 01:23:14,2026-09-15 04:14:10
6047595934903,100.2301,34.4703,100.2301,34.4703,1789433658,1789480800,1789433658,1789433658,1789433658,1789440480,300,1,0475824345,0,1,0,135,2026-09-15 00:54:18,2026-09-15 14:00:00,2026-09-15 00:54:18,2026-09-15 00:54:18,2026-09-15 00:54:18,2026-09-15 02:48:00
6047595944355,100.2301,34.4703,100.2301,34.4703,1789433220,1789444800,1789433220,1789433220,1789433220,1789437259,1000,1,0729515412,0,1,0,166,2026-09-15 00:47:00,2026-09-15 04:00:00,2026-09-15 00:47:00,2026-09-15 00:47:00,2026-09-15 00:47:00,2026-09-15 01:54:19
6047595819077,100.2301,34.4703,100.2301,34.4703,1789445016,1789464600,1789445016,1789445016,1789445016,1789451074,1000,1,0731669509,0,1,0,147,2026-09-15 04:03:36,2026-09-15 09:30:00,2026-09-15 04:03:36,2026-09-15 04:03:36,2026-09-15 04:03:36,2026-09-15 05:44:34
8047595558927,100.2291,34.4684,100.229,34.4685,1789446512,0,0,0,0,1789446512,2500,1,0475840601,1,0,0,239,2026-09-15 04:28:32,,,,,2026-09-15 04:28:32
6047595941098,100.2301,34.4703,100.2301,34.4703,1789433369,1789452000,1789433369,1789433369,1789433369,1789442216,5000,1,0573276138,0,1,1,224,2026-09-15 00:49:29,2026-09-15 06:00:00,2026-09-15 00:49:29,2026-09-15 00:49:29,2026-09-15 00:49:29,2026-09-15 03:16:56
6047595767685,98.2098,34.9116,98.2098,34.9116,1789440831,1789452000,1789440831,1789440831,1789440831,1789447683,2800,1,0751983537,0,1,0,187,2026-09-15 02:53:51,2026-09-15 06:00:00,2026-09-15 02:53:51,2026-09-15 02:53:51,2026-09-15 02:53:51,2026-09-15 04:48:03
6047595821888,100.2301,34.4703,100.2301,34.4703,1789444828,1789464600,1789444828,1789444828,1789444828,1789456446,2800,1,0729515412,0,1,1,153,2026-09-15 04:00:28,2026-09-15 09:30:00,2026-09-15 04:00:28,2026-09-15 04:00:28,2026-09-15 04:00:28,2026-09-15 07:14:06
6047595863132,100.2301,34.4703,100.2301,34.4703,1789433903,1789444800,1789433903,1789433903,1789433903,1789440240,1000,1,0731669509,0,1,0,166,2026-09-15 00:58:23,2026-09-15 04:00:00,2026-09-15 00:58:23,2026-09-15 00:58:23,2026-09-15 00:58:23,2026-09-15 02:44:00
8047595120725,99.6488,33.758,99.6488,33.758,1789459199,0,0,0,0,1789459199,27500,1,0722476819,1,0,0,793,2026-09-15 07:59:59,,,,,2026-09-15 07:59:59
6047595827742,100.738,32.9324,100.738,32.9324,1789442125,1789464600,1789442125,1789442125,1789442125,1789456875,272000,1,0613329616,0,1,1,66,2026-09-15 03:15:25,2026-09-15 09:30:00,2026-09-15 03:15:25,2026-09-15 03:15:25,2026-09-15 03:15:25,2026-09-15 07:21:15
6047595830021,100.738,32.9324,100.738,32.9324,1789441806,1789464600,1789441806,1789441806,1789441806,1789445734,1000,1,0649086388,0,1,0,175,2026-09-15 03:10:06,2026-09-15 09:30:00,2026-09-15 03:10:06,2026-09-15 03:10:06,2026-09-15 03:10:06,2026-09-15 04:15:34
8047595500042,99.6488,33.758,99.6488,33.758,1789448604,0,0,0,0,1789448604,1500,1,0600882909,1,0,0,315,2026-09-15 05:03:24,,,,,2026-09-15 05:03:24
6047595940135,100.2301,34.4703,100.2301,34.4703,1789433316,1789436873,1789433316,1789433316,1789433316,1789450588,2000,1,0573276138,0,0,1,168,2026-09-15 00:48:36,2026-09-15 01:47:53,2026-09-15 00:48:36,2026-09-15 00:48:36,2026-09-15 00:48:36,2026-09-15 05:36:28
8047595561683,100.2291,34.4684,100.229,34.4685,1789446509,0,0,0,0,1789446509,1000,1,0475840601,1,0,0,239,2026-09-15 04:28:29,,,,,2026-09-15 04:28:29
6047595827387,100.738,32.9324,100.738,32.9324,1789441886,1789480800,1789441886,1789441886,1789441886,1789449100,1700,1,0613329616,0,1,0,145,2026-09-15 03:11:26,2026-09-15 14:00:00,2026-09-15 03:11:26,2026-09-15 03:11:26,2026-09-15 03:11:26,2026-09-15 05:11:40
6047595827775,100.738,32.9324,100.738,32.9324,1789442123,1789464600,1789442123,1789442123,1789442123,1789456875,272000,1,0613329616,0,1,1,66,2026-09-15 03:15:23,2026-09-15 09:30:00,2026-09-15 03:15:23,2026-09-15 03:15:23,2026-09-15 03:15:23,2026-09-15 07:21:15
6047595842102,99.9047,33.9653,99.9047,33.9653,1789435110,1789452000,1789435110,1789435110,1789435110,1789443926,1000,1,0743559826,0,1,1,158,2026-09-15 01:18:30,2026-09-15 06:00:00,2026-09-15 01:18:30,2026-09-15 01:18:30,2026-09-15 01:18:30,2026-09-15 03:45:26
6047595830008,100.738,32.9324,100.738,32.9324,1789441807,1789464600,1789441807,1789441807,1789441807,1789444601,1000,1,0649086388,0,1,0,147,2026-09-15 03:10:07,2026-09-15 09:30:00,2026-09-15 03:10:07,2026-09-15 03:10:07,2026-09-15 03:10:07,2026-09-15 03:56:41
6047595941032,100.2301,34.4703,100.2301,34.4703,1789433372,1789444800,1789433373,1789433373,1789433373,1789437916,5400,1,0573276138,0,1,0,248,2026-09-15 00:49:32,2026-09-15 04:00:00,2026-09-15 00:49:33,2026-09-15 00:49:33,2026-09-15 00:49:33,2026-09-15 02:05:16
6047595844574,99.9047,33.9653,99.9047,33.9653,1789434961,1789452000,1789434961,1789434961,1789434961,1789438802,2700,1,0745296255,0,1,0,198,2026-09-15 01:16:01,2026-09-15 06:00:00,2026-09-15 01:16:01,2026-09-15 01:16:01,2026-09-15 01:16:01,2026-09-15 02:20:02
6047596013783,100.2301,34.4703,100.2301,34.4703,1789431495,1789435085,1789431495,1789431495,1789431495,0,60000,2,\\N,0,0,0,0,2026-09-15 00:18:15,2026-09-15 01:18:05,2026-09-15 00:18:15,2026-09-15 00:18:15,2026-09-15 00:18:15,
6047595939429,100.2301,34.4703,100.2301,34.4703,1789433323,1789452000,1789433323,1789433323,1789433323,1789441156,1000,1,0573276138,0,1,0,149,2026-09-15 00:48:43,2026-09-15 06:00:00,2026-09-15 00:48:43,2026-09-15 00:48:43,2026-09-15 00:48:43,2026-09-15 02:59:16
8047595248228,100.2291,34.4684,98.2062,34.9135,1789455639,0,0,0,0,1789455639,1000,1,0751983537,1,0,0,302,2026-09-15 07:00:39,,,,,2026-09-15 07:00:39
6047595821903,100.2301,34.4703,100.2301,34.4703,1789444827,1789464600,1789444827,1789444827,1789444827,1789454567,2000,1,0729515412,0,1,1,166,2026-09-15 04:00:27,2026-09-15 09:30:00,2026-09-15 04:00:27,2026-09-15 04:00:27,2026-09-15 04:00:27,2026-09-15 06:42:47
6047595841338,99.651,33.7539,99.651,33.7539,1789435068,1789447500,1789435068,1789435068,1789435068,1789441992,1000,1,0756924451,0,1,0,175,2026-09-15 01:17:48,2026-09-15 04:45:00,2026-09-15 01:17:48,2026-09-15 01:17:48,2026-09-15 01:17:48,2026-09-15 03:13:12
6047596066551,99.651,33.7539,99.651,33.7539,1789430838,1789434412,1789430838,1789430838,1789430838,0,2000,2,\\N,0,0,0,0,2026-09-15 00:07:18,2026-09-15 01:06:52,2026-09-15 00:07:18,2026-09-15 00:07:18,2026-09-15 00:07:18,
6047595820833,100.2301,34.4703,100.2301,34.4703,1789444094,1789464600,1789444094,1789444094,1789444094,1789447469,5300,1,0475824345,0,1,0,227,2026-09-15 03:48:14,2026-09-15 09:30:00,2026-09-15 03:48:14,2026-09-15 03:48:14,2026-09-15 03:48:14,2026-09-15 04:44:29
6047595939826,100.2301,34.4703,100.2301,34.4703,1789433310,1789452000,1789433310,1789433310,1789433310,1789441701,3700,1,0752242651,0,1,1,207,2026-09-15 00:48:30,2026-09-15 06:00:00,2026-09-15 00:48:30,2026-09-15 00:48:30,2026-09-15 00:48:30,2026-09-15 03:08:21
6047595648481,100.2301,34.4703,100.2301,34.4703,1789455762,1789459358,1789455762,1789455762,1789455762,0,620,2,\\N,0,0,0,0,2026-09-15 07:02:42,2026-09-15 08:02:38,2026-09-15 07:02:42,2026-09-15 07:02:42,2026-09-15 07:02:42,
6047595946787,99.9047,33.9653,99.9047,33.9653,1789433139,1789447800,1789433139,1789433139,1789433139,1789433990,2050000,1,0745296255,0,1,0,252,2026-09-15 00:45:39,2026-09-15 04:50:00,2026-09-15 00:45:39,2026-09-15 00:45:39,2026-09-15 00:45:39,2026-09-15 00:59:50
6047595827395,100.738,32.9324,100.738,32.9324,1789441885,1789464600,1789441885,1789441885,1789441885,1789448479,3100,1,0613329616,0,1,0,214,2026-09-15 03:11:25,2026-09-15 09:30:00,2026-09-15 03:11:25,2026-09-15 03:11:25,2026-09-15 03:11:25,2026-09-15 05:01:19
6047595837937,99.651,33.7539,99.651,33.7539,1789435395,1789452000,1789435395,1789435395,1789435395,1789445085,4000,1,0755146964,0,1,1,222,2026-09-15 01:23:15,2026-09-15 06:00:00,2026-09-15 01:23:15,2026-09-15 01:23:15,2026-09-15 01:23:15,2026-09-15 04:04:45
6047595933289,100.2301,34.4703,100.2301,34.4703,1789433618,1789444800,1789433618,1789433618,1789433618,0,1000,2,\\N,0,0,0,0,2026-09-15 00:53:38,2026-09-15 04:00:00,2026-09-15 00:53:38,2026-09-15 00:53:38,2026-09-15 00:53:38,
6047595946650,99.9047,33.9653,99.9047,33.9653,1789433142,1789447800,1789433142,1789433142,1789433142,1789433990,2050000,1,0745296255,0,1,0,252,2026-09-15 00:45:42,2026-09-15 04:50:00,2026-09-15 00:45:42,2026-09-15 00:45:42,2026-09-15 00:45:42,2026-09-15 00:59:50
6047595939825,100.2301,34.4703,100.2301,34.4703,1789433310,1789444800,1789433310,1789433310,1789433310,1789440402,8800,1,0752242651,0,1,0,292,2026-09-15 00:48:30,2026-09-15 04:00:00,2026-09-15 00:48:30,2026-09-15 00:48:30,2026-09-15 00:48:30,2026-09-15 02:46:42
8047595128270,100.2291,34.4684,100.229,34.4685,1789459093,0,0,0,0,1789459093,1000,1,0475840601,1,0,0,239,2026-09-15 07:58:13,,,,,2026-09-15 07:58:13
8047595500157,99.6488,33.758,99.6488,33.758,1789448600,0,0,0,0,1789448600,1000,1,0600882909,1,0,0,239,2026-09-15 05:03:20,,,,,2026-09-15 05:03:20
6047595589939,99.651,33.7539,99.651,33.7539,1789463875,1789467470,1789463875,1789463875,1789463875,1789467173,2200,1,0750298548,0,1,0,205,2026-09-15 09:17:55,2026-09-15 10:17:50,2026-09-15 09:17:55,2026-09-15 09:17:55,2026-09-15 09:17:55,2026-09-15 10:12:53
8047595708964,100.7434,32.9289,100.7429,32.9285,1789441280,0,0,0,0,1789441280,1000,1,0613329616,1,0,0,293,2026-09-15 03:01:20,,,,,2026-09-15 03:01:20
6047595820536,100.2301,34.4703,100.2301,34.4703,1789443984,1789464600,1789443984,1789443984,1789443984,1789464399,1000,1,0475824345,0,1,1,147,2026-09-15 03:46:24,2026-09-15 09:30:00,2026-09-15 03:46:24,2026-09-15 03:46:24,2026-09-15 03:46:24,2026-09-15 09:26:39
8047594750917,99.6488,33.758,99.6488,33.758,1789468140,0,0,0,0,1789468140,1000,1,0600882909,1,0,0,239,2026-09-15 10:29:00,,,,,2026-09-15 10:29:00
6047595942059,100.2301,34.4703,100.2301,34.4703,1789433244,1789452000,1789433244,1789433244,1789433244,1789438469,610,1,0475824345,0,1,0,132,2026-09-15 00:47:24,2026-09-15 06:00:00,2026-09-15 00:47:24,2026-09-15 00:47:24,2026-09-15 00:47:24,2026-09-15 02:14:29
6047595931497,100.2301,34.4703,100.2301,34.4703,1789433733,1789444800,1789433733,1789433733,1789433733,0,3000,2,\\N,0,0,0,0,2026-09-15 00:55:33,2026-09-15 04:00:00,2026-09-15 00:55:33,2026-09-15 00:55:33,2026-09-15 00:55:33,
6047595602789,99.9047,33.9653,99.9047,33.9653,1789462363,1789465957,1789462363,1789462363,1789462363,1789462454,5500,1,0745296255,0,1,0,275,2026-09-15 08:52:43,2026-09-15 09:52:37,2026-09-15 08:52:43,2026-09-15 08:52:43,2026-09-15 08:52:43,2026-09-15 08:54:14
6047595958983,100.2301,34.4703,100.2301,34.4703,1789432740,1789466400,1789432740,1789432740,1789432740,1789448176,36000,1,0525201215,0,1,1,236,2026-09-15 00:39:00,2026-09-15 10:00:00,2026-09-15 00:39:00,2026-09-15 00:39:00,2026-09-15 00:39:00,2026-09-15 04:56:16
6047595823042,99.651,33.7539,99.651,33.7539,1789442794,1789446388,1789442794,1789442794,1789442794,1789443729,2800,1,0722476819,0,1,0,181,2026-09-15 03:26:34,2026-09-15 04:26:28,2026-09-15 03:26:34,2026-09-15 03:26:34,2026-09-15 03:26:34,2026-09-15 03:42:09
8047594784914,100.2291,34.4684,100.229,34.4685,1789466825,0,0,0,0,1789466825,1000,1,0475840601,1,0,0,314,2026-09-15 10:07:05,,,,,2026-09-15 10:07:05
6047595821909,100.2301,34.4703,100.2301,34.4703,1789444826,1789480800,1789444826,1789444826,1789444826,0,480,2,\\N,0,0,0,0,2026-09-15 04:00:26,2026-09-15 14:00:00,2026-09-15 04:00:26,2026-09-15 04:00:26,2026-09-15 04:00:26,
6047595959084,100.2301,34.4703,100.2301,34.4703,1789432735,1789466400,1789432735,1789432735,1789432735,1789440496,50000,1,0525201215,0,1,0,946,2026-09-15 00:38:55,2026-09-15 10:00:00,2026-09-15 00:38:55,2026-09-15 00:38:55,2026-09-15 00:38:55,2026-09-15 02:48:16
6047595827766,100.738,32.9324,100.738,32.9324,1789442124,1789464600,1789442124,1789442124,1789442124,1789456875,272000,1,0613329616,0,1,1,66,2026-09-15 03:15:24,2026-09-15 09:30:00,2026-09-15 03:15:24,2026-09-15 03:15:24,2026-09-15 03:15:24,2026-09-15 07:21:15
8047595558956,100.2291,34.4684,100.229,34.4685,1789446511,0,0,0,0,1789446511,1000,1,0475840601,1,0,0,239,2026-09-15 04:28:31,,,,,2026-09-15 04:28:31
6047595826909,98.2098,34.9116,98.2098,34.9116,1789441996,1789454400,1789441996,1789441996,1789441996,1789445773,1000,1,0751983537,0,1,0,157,2026-09-15 03:13:16,2026-09-15 06:40:00,2026-09-15 03:13:16,2026-09-15 03:13:16,2026-09-15 03:13:16,2026-09-15 04:16:13
8047595123094,99.6488,33.758,99.6488,33.758,1789459194,0,0,0,0,1789459194,7700,1,0722476819,1,0,0,415,2026-09-15 07:59:54,,,,,2026-09-15 07:59:54
6047595845989,99.651,33.7539,99.651,33.7539,1789434758,1789447500,1789434758,1789434758,1789434758,0,1000,2,\\N,0,0,0,0,2026-09-15 01:12:38,2026-09-15 04:45:00,2026-09-15 01:12:38,2026-09-15 01:12:38,2026-09-15 01:12:38,
6047595826870,98.2098,34.9116,98.2098,34.9116,1789442007,1789454400,1789442007,1789442007,1789442007,1789449512,1000,1,0751983537,0,1,0,166,2026-09-15 03:13:27,2026-09-15 06:40:00,2026-09-15 03:13:27,2026-09-15 03:13:27,2026-09-15 03:13:27,2026-09-15 05:18:32
8047595634919,100.2291,34.4684,100.229,34.4685,1789444625,0,0,0,0,1789444625,4500,1,0757590820,1,0,0,384,2026-09-15 03:57:05,,,,,2026-09-15 03:57:05
6047595832195,100.738,32.9324,100.738,32.9324,1789441298,1789444892,1789441298,1789441298,1789441298,1789441336,1000,1,0613329616,0,1,0,175,2026-09-15 03:01:38,2026-09-15 04:01:32,2026-09-15 03:01:38,2026-09-15 03:01:38,2026-09-15 03:01:38,2026-09-15 03:02:16
6047595942060,100.2301,34.4703,100.2301,34.4703,1789433244,1789444800,1789433244,1789433244,1789433244,1789440567,1000,1,0475824345,0,1,0,150,2026-09-15 00:47:24,2026-09-15 04:00:00,2026-09-15 00:47:24,2026-09-15 00:47:24,2026-09-15 00:47:24,2026-09-15 02:49:27
6047595958957,100.2301,34.4703,100.2301,34.4703,1789432741,1789466400,1789432741,1789432741,1789432741,1789448176,36000,1,0525201215,0,1,1,236,2026-09-15 00:39:01,2026-09-15 10:00:00,2026-09-15 00:39:01,2026-09-15 00:39:01,2026-09-15 00:39:01,2026-09-15 04:56:16
8047595561647,100.2291,34.4684,100.229,34.4685,1789446510,0,0,0,0,1789446510,1000,1,0475840601,1,0,0,319,2026-09-15 04:28:30,,,,,2026-09-15 04:28:30
6047595940052,100.2301,34.4703,100.2301,34.4703,1789433319,1789452000,1789433319,1789433319,1789433319,1789443179,280,1,0573276138,0,1,1,117,2026-09-15 00:48:39,2026-09-15 06:00:00,2026-09-15 00:48:39,2026-09-15 00:48:39,2026-09-15 00:48:39,2026-09-15 03:32:59
6047595814712,98.2098,34.9116,98.2098,34.9116,1789446901,1789454400,1789446901,1789446901,1789446901,1789446928,1000,1,0751983537,0,1,0,185,2026-09-15 04:35:01,2026-09-15 06:40:00,2026-09-15 04:35:01,2026-09-15 04:35:01,2026-09-15 04:35:01,2026-09-15 04:35:28
6047595824575,100.738,32.9324,100.738,32.9324,1789442410,1789466400,1789442410,1789442410,1789442410,1789446314,20000,1,0649086388,0,1,0,469,2026-09-15 03:20:10,2026-09-15 10:00:00,2026-09-15 03:20:10,2026-09-15 03:20:10,2026-09-15 03:20:10,2026-09-15 04:25:14
6047595829980,100.738,32.9324,100.738,32.9324,1789441809,1789464600,1789441809,1789441809,1789441809,1789444601,2600,1,0649086388,0,1,0,177,2026-09-15 03:10:09,2026-09-15 09:30:00,2026-09-15 03:10:09,2026-09-15 03:10:09,2026-09-15 03:10:09,2026-09-15 03:56:41
6047595842580,99.651,33.7539,99.651,33.7539,1789435088,1789452000,1789435088,1789435088,1789435088,1789439695,1500,1,0750298548,0,1,0,167,2026-09-15 01:18:08,2026-09-15 06:00:00,2026-09-15 01:18:08,2026-09-15 01:18:08,2026-09-15 01:18:08,2026-09-15 02:34:55
8047595405007,100.229,34.4685,100.229,34.4685,1789449886,0,0,0,0,1789449886,1000,1,0757590820,1,0,0,152,2026-09-15 05:24:46,,,,,2026-09-15 05:24:46
6047595817304,100.2301,34.4703,100.2301,34.4703,1789445967,1789464600,1789445967,1789445967,1789445967,0,1000,2,\\N,0,0,0,0,2026-09-15 04:19:27,2026-09-15 09:30:00,2026-09-15 04:19:27,2026-09-15 04:19:27,2026-09-15 04:19:27,
6047595837914,99.651,33.7539,99.651,33.7539,1789435396,1789447500,1789435396,1789435396,1789435396,1789440191,5000,1,0755146964,0,1,0,259,2026-09-15 01:23:16,2026-09-15 04:45:00,2026-09-15 01:23:16,2026-09-15 01:23:16,2026-09-15 01:23:16,2026-09-15 02:43:11
6047595837941,99.651,33.7539,99.651,33.7539,1789435395,1789447500,1789435395,1789435395,1789435395,1789445102,3000,1,0755146964,0,1,1,203,2026-09-15 01:23:15,2026-09-15 04:45:00,2026-09-15 01:23:15,2026-09-15 01:23:15,2026-09-15 01:23:15,2026-09-15 04:05:02
6047595819651,100.2301,34.4703,100.2301,34.4703,1789445810,1789464600,1789445810,1789445810,1789445810,1789451711,300,1,0573276138,0,1,0,157,2026-09-15 04:16:50,2026-09-15 09:30:00,2026-09-15 04:16:50,2026-09-15 04:16:50,2026-09-15 04:16:50,2026-09-15 05:55:11
6047595819074,100.2301,34.4703,100.2301,34.4703,1789445016,1789464600,1789445584,1789445584,1789445584,1789451387,1000,1,0586643499,0,1,0,157,2026-09-15 04:03:36,2026-09-15 09:30:00,2026-09-15 04:13:04,2026-09-15 04:13:04,2026-09-15 04:13:04,2026-09-15 05:49:47
6047595829981,100.738,32.9324,100.738,32.9324,1789441809,1789464600,1789441809,1789441809,1789441809,1789443353,3000,1,0649086388,0,1,0,194,2026-09-15 03:10:09,2026-09-15 09:30:00,2026-09-15 03:10:09,2026-09-15 03:10:09,2026-09-15 03:10:09,2026-09-15 03:35:53
6047595845542,99.651,33.7539,99.651,33.7539,1789434754,1789447500,1789434754,1789434754,1789434754,1789460504,2500,1,0722476819,0,0,1,212,2026-09-15 01:12:34,2026-09-15 04:45:00,2026-09-15 01:12:34,2026-09-15 01:12:34,2026-09-15 01:12:34,2026-09-15 08:21:44
8047594948509,99.9047,33.9653,99.9045,33.9651,1789464772,0,0,0,0,1789464772,1000,1,0743559826,1,0,0,290,2026-09-15 09:32:52,,,,,2026-09-15 09:32:52
8047595446289,100.2291,34.4684,100.229,34.4685,1789448178,0,0,0,0,1789448178,11500,1,0757590820,1,0,0,375,2026-09-15 04:56:18,,,,,2026-09-15 04:56:18
6047595851986,100.6256,33.7266,100.6256,33.7266,1789434377,1789452000,1789434377,1789434377,1789434377,0,5700,2,\\N,0,0,0,0,2026-09-15 01:06:17,2026-09-15 06:00:00,2026-09-15 01:06:17,2026-09-15 01:06:17,2026-09-15 01:06:17,
6047595817223,100.2301,34.4703,100.2301,34.4703,1789446022,1789480800,1789446022,1789446022,1789446022,1789459997,1000,1,0752242651,0,1,1,135,2026-09-15 04:20:22,2026-09-15 14:00:00,2026-09-15 04:20:22,2026-09-15 04:20:22,2026-09-15 04:20:22,2026-09-15 08:13:17
6047595944721,100.2301,34.4703,100.2301,34.4703,1789433223,1789444800,1789433223,1789433223,1789433223,1789437469,1000,1,0729515412,0,1,0,119,2026-09-15 00:47:03,2026-09-15 04:00:00,2026-09-15 00:47:03,2026-09-15 00:47:03,2026-09-15 00:47:03,2026-09-15 01:57:49
6047595943987,100.2301,34.4703,100.2301,34.4703,1789433147,1789452000,1789433147,1789433147,1789433147,1789436313,500,1,0475824345,0,1,0,117,2026-09-15 00:45:47,2026-09-15 06:00:00,2026-09-15 00:45:47,2026-09-15 00:45:47,2026-09-15 00:45:47,2026-09-15 01:38:33
8047595412469,100.7434,32.9289,100.7429,32.9285,1789452185,0,0,0,0,1789452185,1000,1,0613329616,1,0,0,365,2026-09-15 06:03:05,,,,,2026-09-15 06:03:05
6047595826896,98.2098,34.9116,98.2098,34.9116,1789441996,1789452000,1789441996,1789441996,1789441996,0,150,2,\\N,0,0,0,0,2026-09-15 03:13:16,2026-09-15 06:00:00,2026-09-15 03:13:16,2026-09-15 03:13:16,2026-09-15 03:13:16,
8047594706550,99.6488,33.758,99.6488,33.758,1789471585,0,0,0,0,1789471585,1500,1,0600882909,1,0,0,239,2026-09-15 11:26:25,,,,,2026-09-15 11:26:25
6047595844860,99.651,33.7539,99.651,33.7539,1789434970,1789466400,1789434970,1789434970,1789434970,1789455052,75000,1,0722476819,0,1,1,273,2026-09-15 01:16:10,2026-09-15 10:00:00,2026-09-15 01:16:10,2026-09-15 01:16:10,2026-09-15 01:16:10,2026-09-15 06:50:52
6047595844510,99.9047,33.9653,99.9047,33.9653,1789434964,1789444800,1789434964,1789434964,1789434964,1789438406,1000,1,0745296255,0,1,0,147,2026-09-15 01:16:04,2026-09-15 04:00:00,2026-09-15 01:16:04,2026-09-15 01:16:04,2026-09-15 01:16:04,2026-09-15 02:13:26
8047595940463,100.229,34.4685,100.229,34.4685,1789436935,0,0,0,0,1789436935,1600,1,0757590820,1,0,0,171,2026-09-15 01:48:55,,,,,2026-09-15 01:48:55
6047595942149,99.9047,33.9653,99.9047,33.9653,1789433241,1789447800,1789433241,1789433241,1789433241,1789433990,2050000,1,0745296255,0,1,0,252,2026-09-15 00:47:21,2026-09-15 04:50:00,2026-09-15 00:47:21,2026-09-15 00:47:21,2026-09-15 00:47:21,2026-09-15 00:59:50
6047595826901,98.2098,34.9116,98.2098,34.9116,1789441997,1789452000,1789441997,1789441997,1789441997,1789450190,500,1,0751983537,0,1,1,135,2026-09-15 03:13:17,2026-09-15 06:00:00,2026-09-15 03:13:17,2026-09-15 03:13:17,2026-09-15 03:13:17,2026-09-15 05:29:50
6047595958943,100.2301,34.4703,100.2301,34.4703,1789432743,1789444800,1789432743,1789432743,1789432743,1789441274,24500,1,0525201215,0,1,1,267,2026-09-15 00:39:03,2026-09-15 04:00:00,2026-09-15 00:39:03,2026-09-15 00:39:03,2026-09-15 00:39:03,2026-09-15 03:01:14
8047595709737,100.7434,32.9289,100.7429,32.9285,1789441276,0,0,0,0,1789441276,11000,1,0613329616,1,0,0,591,2026-09-15 03:01:16,,,,,2026-09-15 03:01:16
8047595862927,100.229,34.4685,100.229,34.4685,1789437354,0,0,0,0,1789437354,390,1,0757590820,1,0,0,117,2026-09-15 01:55:54,,,,,2026-09-15 01:55:54
6047595821892,100.2301,34.4703,100.2301,34.4703,1789444830,1789480800,1789444830,1789444830,1789444830,1789457753,2400,1,0729515412,0,1,1,158,2026-09-15 04:00:30,2026-09-15 14:00:00,2026-09-15 04:00:30,2026-09-15 04:00:30,2026-09-15 04:00:30,2026-09-15 07:35:53
6047595943972,100.2301,34.4703,100.2301,34.4703,1789433149,1789444800,1789433149,1789433149,1789433149,1789438469,12000,1,0475824345,0,1,0,352,2026-09-15 00:45:49,2026-09-15 04:00:00,2026-09-15 00:45:49,2026-09-15 00:45:49,2026-09-15 00:45:49,2026-09-15 02:14:29
8047595559290,100.2291,34.4684,100.229,34.4685,1789446514,0,0,0,0,1789446514,1000,1,0475840601,1,0,0,239,2026-09-15 04:28:34,,,,,2026-09-15 04:28:34
6047595842115,99.9047,33.9653,99.9047,33.9653,1789435109,1789444800,1789435109,1789435109,1789435109,1789460970,1000,1,0743559826,0,0,1,166,2026-09-15 01:18:29,2026-09-15 04:00:00,2026-09-15 01:18:29,2026-09-15 01:18:29,2026-09-15 01:18:29,2026-09-15 08:29:30
8047595824484,100.229,34.4685,100.229,34.4685,1789440421,0,0,0,0,1789440421,3200,1,0757590820,1,0,0,168,2026-09-15 02:47:01,,,,,2026-09-15 02:47:01
8047595518951,98.2062,34.9135,98.2062,34.9135,1789446061,0,0,0,0,1789446061,1000,1,0751983537,1,0,0,179,2026-09-15 04:21:01,,,,,2026-09-15 04:21:01
6047595844561,99.9047,33.9653,99.9047,33.9653,1789434961,1789452000,1789434961,1789434961,1789434961,1789437309,270,1,0745296255,0,1,0,117,2026-09-15 01:16:01,2026-09-15 06:00:00,2026-09-15 01:16:01,2026-09-15 01:16:01,2026-09-15 01:16:01,2026-09-15 01:55:09
6047595918992,100.6256,33.7266,100.6256,33.7266,1789432005,1789435588,1789432005,1789432005,1789432005,1789437649,3800,1,0678203599,0,0,0,221,2026-09-15 00:26:45,2026-09-15 01:26:28,2026-09-15 00:26:45,2026-09-15 00:26:45,2026-09-15 00:26:45,2026-09-15 02:00:49
6047595837915,99.651,33.7539,99.651,33.7539,1789435396,1789452000,1789435396,1789435396,1789435396,1789444593,600,1,0755146964,0,1,1,117,2026-09-15 01:23:16,2026-09-15 06:00:00,2026-09-15 01:23:16,2026-09-15 01:23:16,2026-09-15 01:23:16,2026-09-15 03:56:33
8047595128521,100.2291,34.4684,100.229,34.4685,1789459097,0,0,0,0,1789459097,1000,1,0475840601,1,0,0,314,2026-09-15 07:58:17,,,,,2026-09-15 07:58:17
8047595450512,100.229,34.4685,100.229,34.4685,1789448099,0,0,0,0,1789448099,650,1,0757590820,1,0,0,144,2026-09-15 04:54:59,,,,,2026-09-15 04:54:59
6047595841976,99.9047,33.9653,99.9047,33.9653,1789435113,1789444800,1789435113,1789435113,1789435113,1789465196,1000,1,0743559826,0,0,1,212,2026-09-15 01:18:33,2026-09-15 04:00:00,2026-09-15 01:18:33,2026-09-15 01:18:33,2026-09-15 01:18:33,2026-09-15 09:39:56
6047595943962,100.2301,34.4703,100.2301,34.4703,1789433149,1789444800,1789433149,1789433149,1789433149,1789440018,1000,1,0475824345,0,1,0,169,2026-09-15 00:45:49,2026-09-15 04:00:00,2026-09-15 00:45:49,2026-09-15 00:45:49,2026-09-15 00:45:49,2026-09-15 02:40:18
8047594785745,100.2291,34.4684,100.229,34.4685,1789466842,0,0,0,0,1789466842,1000,1,0475840601,1,0,0,314,2026-09-15 10:07:22,,,,,2026-09-15 10:07:22
6047595844956,99.9047,33.9653,99.9047,33.9653,1789434966,1789444800,1789434966,1789434966,1789434966,1789437519,1000,1,0745296255,0,1,0,150,2026-09-15 01:16:06,2026-09-15 04:00:00,2026-09-15 01:16:06,2026-09-15 01:16:06,2026-09-15 01:16:06,2026-09-15 01:58:39
6047595637491,99.651,33.7539,99.651,33.7539,1789456907,1789460498,1789456907,1789456907,1789456907,1789456940,4100,1,0755146964,0,1,0,224,2026-09-15 07:21:47,2026-09-15 08:21:38,2026-09-15 07:21:47,2026-09-15 07:21:47,2026-09-15 07:21:47,2026-09-15 07:22:20
6047595827399,100.738,32.9324,100.738,32.9324,1789441886,1789480800,1789441886,1789441886,1789441886,1789448504,400,1,0613329616,0,1,0,117,2026-09-15 03:11:26,2026-09-15 14:00:00,2026-09-15 03:11:26,2026-09-15 03:11:26,2026-09-15 03:11:26,2026-09-15 05:01:44
6047595939882,100.2301,34.4703,100.2301,34.4703,1789433309,1789452000,1789433309,1789433309,1789433309,1789436377,1800,1,0752242651,0,1,0,169,2026-09-15 00:48:29,2026-09-15 06:00:00,2026-09-15 00:48:29,2026-09-15 00:48:29,2026-09-15 00:48:29,2026-09-15 01:39:37
6047595702559,100.2301,34.4703,100.2301,34.4703,1789453064,1789456656,1789453064,1789453064,1789453064,1789453110,1200,1,0752242651,0,1,0,145,2026-09-15 06:17:44,2026-09-15 07:17:36,2026-09-15 06:17:44,2026-09-15 06:17:44,2026-09-15 06:17:44,2026-09-15 06:18:30
6047595959079,100.2301,34.4703,100.2301,34.4703,1789432736,1789444800,1789432736,1789432736,1789432736,1789442855,30000,1,0525201215,0,1,1,610,2026-09-15 00:38:56,2026-09-15 04:00:00,2026-09-15 00:38:56,2026-09-15 00:38:56,2026-09-15 00:38:56,2026-09-15 03:27:35
6047595944009,100.2301,34.4703,100.2301,34.4703,1789433146,1789452000,1789433146,1789433146,1789433146,1789435702,6000,1,0475824345,0,1,0,240,2026-09-15 00:45:46,2026-09-15 06:00:00,2026-09-15 00:45:46,2026-09-15 00:45:46,2026-09-15 00:45:46,2026-09-15 01:28:22
6047595944701,100.2301,34.4703,100.2301,34.4703,1789433224,1789444800,1789433225,1789433225,1789433225,1789440508,1000,1,0729515412,0,1,0,119,2026-09-15 00:47:04,2026-09-15 04:00:00,2026-09-15 00:47:05,2026-09-15 00:47:05,2026-09-15 00:47:05,2026-09-15 02:48:28
6047595886634,99.651,33.7539,99.651,33.7539,1789436427,1789440019,1789436427,1789436427,1789436427,1789436522,1000,1,0722476819,0,1,0,203,2026-09-15 01:40:27,2026-09-15 02:40:19,2026-09-15 01:40:27,2026-09-15 01:40:27,2026-09-15 01:40:27,2026-09-15 01:42:02
6047595944802,100.2301,34.4703,100.2301,34.4703,1789433221,1789452000,1789433221,1789433221,1789433221,1789439987,1000,1,0729515412,0,1,0,149,2026-09-15 00:47:01,2026-09-15 06:00:00,2026-09-15 00:47:01,2026-09-15 00:47:01,2026-09-15 00:47:01,2026-09-15 02:39:47
6047595821875,100.2301,34.4703,100.2301,34.4703,1789444833,1789464600,1789444833,1789444833,1789444833,1789454638,6800,1,0729515412,0,1,1,127,2026-09-15 04:00:33,2026-09-15 09:30:00,2026-09-15 04:00:33,2026-09-15 04:00:33,2026-09-15 04:00:33,2026-09-15 06:43:58
6047595842615,99.651,33.7539,99.651,33.7539,1789435087,1789447500,1789435087,1789435087,1789435087,1789444926,1000,1,0750298548,0,1,1,185,2026-09-15 01:18:07,2026-09-15 04:45:00,2026-09-15 01:18:07,2026-09-15 01:18:07,2026-09-15 01:18:07,2026-09-15 04:02:06
6047595837949,99.651,33.7539,99.651,33.7539,1789435395,1789452000,1789435395,1789435395,1789435395,1789445237,2500,1,0755146964,0,1,1,185,2026-09-15 01:23:15,2026-09-15 06:00:00,2026-09-15 01:23:15,2026-09-15 01:23:15,2026-09-15 01:23:15,2026-09-15 04:07:17
6047595821885,100.2301,34.4703,100.2301,34.4703,1789444830,1789464600,1789444830,1789444830,1789444830,1789455707,4600,1,0729515412,0,1,1,233,2026-09-15 04:00:30,2026-09-15 09:30:00,2026-09-15 04:00:30,2026-09-15 04:00:30,2026-09-15 04:00:30,2026-09-15 07:01:47
6047595855081,99.9047,33.9653,99.9047,33.9653,1789434316,1789452000,1789434316,1789434316,1789434316,0,4300,2,\\N,0,0,0,0,2026-09-15 01:05:16,2026-09-15 06:00:00,2026-09-15 01:05:16,2026-09-15 01:05:16,2026-09-15 01:05:16,
6047596013226,100.2301,34.4703,100.2301,34.4703,1789431506,1789435097,1789431506,1789431506,1789431506,1789439479,23000,1,0525201215,0,0,0,492,2026-09-15 00:18:26,2026-09-15 01:18:17,2026-09-15 00:18:26,2026-09-15 00:18:26,2026-09-15 00:18:26,2026-09-15 02:31:19
6047595589686,100.738,32.9324,100.738,32.9324,1789463838,1789480800,1789463838,1789463838,1789463838,1789463858,9200,1,0649086388,0,1,0,344,2026-09-15 09:17:18,2026-09-15 14:00:00,2026-09-15 09:17:18,2026-09-15 09:17:18,2026-09-15 09:17:18,2026-09-15 09:17:38
6047595851924,100.6256,33.7266,100.6256,33.7266,1789434380,1789450200,1789434380,1789434380,1789434380,1789437086,68500,1,0678203599,0,1,0,312,2026-09-15 01:06:20,2026-09-15 05:30:00,2026-09-15 01:06:20,2026-09-15 01:06:20,2026-09-15 01:06:20,2026-09-15 01:51:26
6047595821889,100.2301,34.4703,100.2301,34.4703,1789444827,1789480800,1789444828,1789444828,1789444828,1789457766,1300,1,0729515412,0,1,1,138,2026-09-15 04:00:27,2026-09-15 14:00:00,2026-09-15 04:00:28,2026-09-15 04:00:28,2026-09-15 04:00:28,2026-09-15 07:36:06
6047595628644,98.2098,34.9116,98.2098,34.9116,1789471286,1789538400,1789471286,1789471286,1789471286,1789472293,2800,1,0751983537,0,1,0,187,2026-09-15 11:21:26,2026-09-16 06:00:00,2026-09-15 11:21:26,2026-09-15 11:21:26,2026-09-15 11:21:26,2026-09-15 11:38:13
6047595840905,99.651,33.7539,99.651,33.7539,1789435062,1789447500,1789435062,1789435062,1789435062,1789437661,1000,1,0756924451,0,1,0,138,2026-09-15 01:17:42,2026-09-15 04:45:00,2026-09-15 01:17:42,2026-09-15 01:17:42,2026-09-15 01:17:42,2026-09-15 02:01:01
6047595826467,99.651,33.7539,99.651,33.7539,1789442558,1789446152,1789442558,1789442558,1789442558,1789442589,3000,1,0722476819,0,1,0,222,2026-09-15 03:22:38,2026-09-15 04:22:32,2026-09-15 03:22:38,2026-09-15 03:22:38,2026-09-15 03:22:38,2026-09-15 03:23:09
6047595931674,100.2301,34.4703,100.2301,34.4703,1789433691,1789437242,1789433691,1789433691,1789433691,0,1000,2,\\N,0,0,0,0,2026-09-15 00:54:51,2026-09-15 01:54:02,2026-09-15 00:54:51,2026-09-15 00:54:51,2026-09-15 00:54:51,
6047595935379,100.2301,34.4703,100.2301,34.4703,1789433541,1789444800,1789433542,1789433542,1789433542,1789442370,1600,1,0731669509,0,1,1,180,2026-09-15 00:52:21,2026-09-15 04:00:00,2026-09-15 00:52:22,2026-09-15 00:52:22,2026-09-15 00:52:22,2026-09-15 03:19:30
8047595558953,100.2291,34.4684,100.229,34.4685,1789446511,0,0,0,0,1789446511,1000,1,0475840601,1,0,0,239,2026-09-15 04:28:31,,,,,2026-09-15 04:28:31
8047595559009,100.2291,34.4684,100.229,34.4685,1789446510,0,0,0,0,1789446510,2500,1,0475840601,1,0,0,239,2026-09-15 04:28:30,,,,,2026-09-15 04:28:30
6047595822353,100.2301,34.4703,100.2301,34.4703,1789444466,1789464600,1789444466,1789444466,1789444466,1789448374,1000,1,0475824345,0,1,0,166,2026-09-15 03:54:26,2026-09-15 09:30:00,2026-09-15 03:54:26,2026-09-15 03:54:26,2026-09-15 03:54:26,2026-09-15 04:59:34
6047595944697,100.2301,34.4703,100.2301,34.4703,1789433224,1789452000,1789433224,1789433224,1789433224,1789440287,490,1,0729515412,0,1,0,117,2026-09-15 00:47:04,2026-09-15 06:00:00,2026-09-15 00:47:04,2026-09-15 00:47:04,2026-09-15 00:47:04,2026-09-15 02:44:47
6047595816222,100.2301,34.4703,100.2301,34.4703,1789447163,1789464600,1789447163,1789447163,1789447163,1789456727,1000,1,0729515412,0,1,1,166,2026-09-15 04:39:23,2026-09-15 09:30:00,2026-09-15 04:39:23,2026-09-15 04:39:23,2026-09-15 04:39:23,2026-09-15 07:18:47
6047595940190,100.2301,34.4703,100.2301,34.4703,1789433314,1789452000,1789433314,1789433314,1789433314,1789440947,2400,1,0573276138,0,1,0,167,2026-09-15 00:48:34,2026-09-15 06:00:00,2026-09-15 00:48:34,2026-09-15 00:48:34,2026-09-15 00:48:34,2026-09-15 02:55:47
6047595932537,100.2301,34.4703,100.2301,34.4703,1789433779,1789444800,1789433779,1789433779,1789433779,0,1000,2,\\N,0,0,0,0,2026-09-15 00:56:19,2026-09-15 04:00:00,2026-09-15 00:56:19,2026-09-15 00:56:19,2026-09-15 00:56:19,
6047595674982,100.2301,34.4703,100.2301,34.4703,1789461283,1789464879,1789461283,1789461283,1789461283,1789461646,1000,1,0586643499,0,1,0,166,2026-09-15 08:34:43,2026-09-15 09:34:39,2026-09-15 08:34:43,2026-09-15 08:34:43,2026-09-15 08:34:43,2026-09-15 08:40:46
6047595839038,99.651,33.7539,99.651,33.7539,1789435177,1789438762,1789435177,1789435177,1789435177,1789444173,1600,1,0750298548,0,0,1,177,2026-09-15 01:19:37,2026-09-15 02:19:22,2026-09-15 01:19:37,2026-09-15 01:19:37,2026-09-15 01:19:37,2026-09-15 03:49:33
6047595939977,100.2301,34.4703,100.2301,34.4703,1789433321,1789452000,1789433321,1789433321,1789433321,1789439142,1500,1,0573276138,0,1,0,158,2026-09-15 00:48:41,2026-09-15 06:00:00,2026-09-15 00:48:41,2026-09-15 00:48:41,2026-09-15 00:48:41,2026-09-15 02:25:42
8047595372663,100.2291,34.4684,100.229,34.4685,1789453685,0,0,0,0,1789453685,1500,1,0757590820,1,0,0,289,2026-09-15 06:28:05,,,,,2026-09-15 06:28:05
6047595841367,99.651,33.7539,99.651,33.7539,1789435066,1789447500,1789435066,1789435066,1789435066,1789440771,1000,1,0756924451,0,1,0,203,2026-09-15 01:17:46,2026-09-15 04:45:00,2026-09-15 01:17:46,2026-09-15 01:17:46,2026-09-15 01:17:46,2026-09-15 02:52:51
6047595955263,100.2301,34.4703,100.2301,34.4703,1789432834,1789444800,1789432834,1789432834,1789432834,1789438825,63000,1,0525201215,0,1,0,168,2026-09-15 00:40:34,2026-09-15 04:00:00,2026-09-15 00:40:34,2026-09-15 00:40:34,2026-09-15 00:40:34,2026-09-15 02:20:25
6047595841388,99.651,33.7539,99.651,33.7539,1789435065,1789452000,1789435065,1789435065,1789435065,1789437255,290,1,0756924451,0,1,0,117,2026-09-15 01:17:45,2026-09-15 06:00:00,2026-09-15 01:17:45,2026-09-15 01:17:45,2026-09-15 01:17:45,2026-09-15 01:54:15
8047595123517,99.6488,33.758,99.6488,33.758,1789459195,0,0,0,0,1789459195,1000,1,0722476819,1,0,0,356,2026-09-15 07:59:55,,,,,2026-09-15 07:59:55
6047595827378,100.738,32.9324,100.738,32.9324,1789441887,1789480800,1789441887,1789441887,1789441887,1789454762,10000,1,0613329616,0,1,1,300,2026-09-15 03:11:27,2026-09-15 14:00:00,2026-09-15 03:11:27,2026-09-15 03:11:27,2026-09-15 03:11:27,2026-09-15 06:46:02
6047595940183,100.2301,34.4703,100.2301,34.4703,1789433315,1789452000,1789433315,1789433315,1789433315,1789439353,1900,1,0573276138,0,1,0,166,2026-09-15 00:48:35,2026-09-15 06:00:00,2026-09-15 00:48:35,2026-09-15 00:48:35,2026-09-15 00:48:35,2026-09-15 02:29:13
6047595947044,100.2301,34.4703,100.2301,34.4703,1789433116,1789452000,1789433116,1789433116,1789433116,1789438115,2200,1,0586643499,0,1,0,155,2026-09-15 00:45:16,2026-09-15 06:00:00,2026-09-15 00:45:16,2026-09-15 00:45:16,2026-09-15 00:45:16,2026-09-15 02:08:35
8047595101436,99.9047,33.9653,99.9045,33.9651,1789461263,0,0,0,0,1789461263,1000,1,0743559826,1,0,0,239,2026-09-15 08:34:23,,,,,2026-09-15 08:34:23
6047595842696,99.9047,33.9653,99.9047,33.9653,1789435107,1789444800,1789435107,1789435107,1789435107,1789442044,1000,1,0743559826,0,1,0,166,2026-09-15 01:18:27,2026-09-15 04:00:00,2026-09-15 01:18:27,2026-09-15 01:18:27,2026-09-15 01:18:27,2026-09-15 03:14:04
6047595829974,100.738,32.9324,100.738,32.9324,1789441810,1789480800,1789441810,1789441810,1789441810,1789456072,2200,1,0649086388,0,1,1,188,2026-09-15 03:10:10,2026-09-15 14:00:00,2026-09-15 03:10:10,2026-09-15 03:10:10,2026-09-15 03:10:10,2026-09-15 07:07:52
6047595943945,100.2301,34.4703,100.2301,34.4703,1789433150,1789444800,1789433150,1789433150,1789433150,1789438884,1000,1,0475824345,0,1,0,150,2026-09-15 00:45:50,2026-09-15 04:00:00,2026-09-15 00:45:50,2026-09-15 00:45:50,2026-09-15 00:45:50,2026-09-15 02:21:24
8047595412638,100.7434,32.9289,100.7429,32.9285,1789452194,0,0,0,0,1789452194,1500,1,0613329616,1,0,0,331,2026-09-15 06:03:14,,,,,2026-09-15 06:03:14
8047595174860,99.6488,33.758,99.6488,33.758,1789459551,0,0,0,0,1789459551,1000,1,0750298548,1,0,0,293,2026-09-15 08:05:51,,,,,2026-09-15 08:05:51
6047595817343,100.2301,34.4703,100.2301,34.4703,1789445953,1789480800,1789445953,1789445953,1789445953,1789452794,3300,1,0752242651,0,1,0,199,2026-09-15 04:19:13,2026-09-15 14:00:00,2026-09-15 04:19:13,2026-09-15 04:19:13,2026-09-15 04:19:13,2026-09-15 06:13:14
6047595931682,100.2301,34.4703,100.2301,34.4703,1789433691,1789452000,1789445953,1789445953,1789445953,1789450786,2400,1,0752242651,0,1,1,175,2026-09-15 00:54:51,2026-09-15 06:00:00,2026-09-15 04:19:13,2026-09-15 04:19:13,2026-09-15 04:19:13,2026-09-15 05:39:46
6047595827734,100.738,32.9324,100.738,32.9324,1789442125,1789464600,1789442125,1789442125,1789442125,1789456875,272000,1,0613329616,0,1,1,66,2026-09-15 03:15:25,2026-09-15 09:30:00,2026-09-15 03:15:25,2026-09-15 03:15:25,2026-09-15 03:15:25,2026-09-15 07:21:15
6047595944121,100.2301,34.4703,100.2301,34.4703,1789433167,1789452000,1789433167,1789433167,1789433167,1789442797,6700,1,0731669509,0,1,1,238,2026-09-15 00:46:07,2026-09-15 06:00:00,2026-09-15 00:46:07,2026-09-15 00:46:07,2026-09-15 00:46:07,2026-09-15 03:26:37
8047595399804,99.9047,33.9653,99.9045,33.9651,1789450188,0,0,0,0,1789450188,1000,1,0745296255,1,0,0,239,2026-09-15 05:29:48,,,,,2026-09-15 05:29:48
6047595940148,100.2301,34.4703,100.2301,34.4703,1789433316,1789452000,1789433316,1789433316,1789433316,1789442064,800,1,0573276138,0,1,1,149,2026-09-15 00:48:36,2026-09-15 06:00:00,2026-09-15 00:48:36,2026-09-15 00:48:36,2026-09-15 00:48:36,2026-09-15 03:14:24
6047595817311,100.2301,34.4703,100.2301,34.4703,1789445974,1789464600,1789445974,1789445974,1789445974,1789462570,3500,1,0752242651,0,1,1,240,2026-09-15 04:19:34,2026-09-15 09:30:00,2026-09-15 04:19:34,2026-09-15 04:19:34,2026-09-15 04:19:34,2026-09-15 08:56:10
6047595827759,100.738,32.9324,100.738,32.9324,1789442124,1789464600,1789442124,1789442124,1789442124,1789456875,272000,1,0613329616,0,1,1,66,2026-09-15 03:15:24,2026-09-15 09:30:00,2026-09-15 03:15:24,2026-09-15 03:15:24,2026-09-15 03:15:24,2026-09-15 07:21:15
8047595446598,100.2291,34.4684,100.229,34.4685,1789448182,0,0,0,0,1789448182,6400,1,0757590820,1,0,0,286,2026-09-15 04:56:22,,,,,2026-09-15 04:56:22
6047595941543,100.2301,34.4703,100.2301,34.4703,1789433269,1789436853,1789433269,1789433269,1789433269,1789438295,1000,1,0729515412,0,0,0,166,2026-09-15 00:47:49,2026-09-15 01:47:33,2026-09-15 00:47:49,2026-09-15 00:47:49,2026-09-15 00:47:49,2026-09-15 02:11:35
6047595824249,98.2098,34.9116,98.2098,34.9116,1789443104,1789454400,1789443104,1789443104,1789443104,1789462609,2000,1,0751983537,0,0,1,175,2026-09-15 03:31:44,2026-09-15 06:40:00,2026-09-15 03:31:44,2026-09-15 03:31:44,2026-09-15 03:31:44,2026-09-15 08:56:49
6047595939028,100.2301,34.4703,100.2301,34.4703,1789433470,1789464600,1789433470,1789433470,1789433470,1789441277,1000,1,0731669509,0,1,0,147,2026-09-15 00:51:10,2026-09-15 09:30:00,2026-09-15 00:51:10,2026-09-15 00:51:10,2026-09-15 00:51:10,2026-09-15 03:01:17
6047595944774,100.2301,34.4703,100.2301,34.4703,1789433222,1789452000,1789433222,1789433222,1789433222,1789436893,3100,1,0729515412,0,1,0,188,2026-09-15 00:47:02,2026-09-15 06:00:00,2026-09-15 00:47:02,2026-09-15 00:47:02,2026-09-15 00:47:02,2026-09-15 01:48:13
6047595845979,99.651,33.7539,99.651,33.7539,1789434758,1789447500,1789434758,1789434758,1789434758,0,1000,2,\\N,0,0,0,0,2026-09-15 01:12:38,2026-09-15 04:45:00,2026-09-15 01:12:38,2026-09-15 01:12:38,2026-09-15 01:12:38,
6047595938393,100.2301,34.4703,100.2301,34.4703,1789433473,1789444800,1789433473,1789433473,1789433473,1789438838,3100,1,0586643499,0,1,0,186,2026-09-15 00:51:13,2026-09-15 04:00:00,2026-09-15 00:51:13,2026-09-15 00:51:13,2026-09-15 00:51:13,2026-09-15 02:20:38
8047595446261,100.2291,34.4684,100.229,34.4685,1789448179,0,0,0,0,1789448179,10500,1,0757590820,1,0,0,361,2026-09-15 04:56:19,,,,,2026-09-15 04:56:19
6047595820201,100.2301,34.4703,100.2301,34.4703,1789445638,1789464600,1789445638,1789445638,1789445638,1789452768,2700,1,0573276138,0,1,0,188,2026-09-15 04:13:58,2026-09-15 09:30:00,2026-09-15 04:13:58,2026-09-15 04:13:58,2026-09-15 04:13:58,2026-09-15 06:12:48
6047595937619,100.2301,34.4703,100.2301,34.4703,1789433440,1789452000,1789433440,1789433440,1789433440,1789442035,460,1,0731669509,0,1,1,129,2026-09-15 00:50:40,2026-09-15 06:00:00,2026-09-15 00:50:40,2026-09-15 00:50:40,2026-09-15 00:50:40,2026-09-15 03:13:55
6047595937453,100.2301,34.4703,100.2301,34.4703,1789433449,1789452000,1789433450,1789433450,1789433450,0,6100,2,\\N,0,0,0,0,2026-09-15 00:50:49,2026-09-15 06:00:00,2026-09-15 00:50:50,2026-09-15 00:50:50,2026-09-15 00:50:50,
6047595946942,100.2301,34.4703,100.2301,34.4703,1789433121,1789452000,1789433121,1789433121,1789433121,1789439973,1500,1,0586643499,0,1,0,158,2026-09-15 00:45:21,2026-09-15 06:00:00,2026-09-15 00:45:21,2026-09-15 00:45:21,2026-09-15 00:45:21,2026-09-15 02:39:33
6047595827392,100.738,32.9324,100.738,32.9324,1789441885,1789464600,1789441885,1789441885,1789441885,0,1000,2,\\N,0,0,0,0,2026-09-15 03:11:25,2026-09-15 09:30:00,2026-09-15 03:11:25,2026-09-15 03:11:25,2026-09-15 03:11:25,
8047595372646,100.2291,34.4684,100.229,34.4685,1789453686,0,0,0,0,1789453686,1000,1,0757590820,1,0,0,239,2026-09-15 06:28:06,,,,,2026-09-15 06:28:06
